sourceTypeID,roadTypeID,hourID,dayID,hourVMTFraction
11,1,1,2,0.021473899483680725
11,1,1,5,0.009862110018730164
11,1,2,2,0.014442799612879753
11,1,2,5,0.006272479891777039
11,1,3,2,0.010968400165438652
11,1,3,5,0.005057670176029205
11,1,4,2,0.007494510151445866
11,1,4,5,0.004666860215365887
11,1,5,2,0.006838549859821796
11,1,5,5,0.00699468981474638
11,1,6,2,0.010358800180256367
11,1,6,5,0.018494000658392906
11,1,7,2,0.018430400639772415
11,1,7,5,0.04595649987459183
11,1,8,2,0.02681170031428337
11,1,8,5,0.06964439898729324
11,1,9,2,0.036385200917720795
11,1,9,5,0.06082789972424507
11,1,10,2,0.04754069820046425
11,1,10,5,0.050286199897527695
11,1,11,2,0.05746639892458916
11,1,11,5,0.049935098737478256
11,1,12,2,0.06507860124111176
11,1,12,5,0.05436540022492409
11,1,13,2,0.07132279872894287
11,1,13,5,0.05764620006084442
11,1,14,2,0.07149170339107513
11,1,14,5,0.058031901717185974
11,1,15,2,0.0717225968837738
11,1,15,5,0.06225540116429329
11,1,16,2,0.07200609892606735
11,1,16,5,0.07100489735603333
11,1,17,2,0.07114870101213455
11,1,17,5,0.07697249948978424
11,1,18,2,0.06788740307092667
11,1,18,5,0.07743199914693832
11,1,19,2,0.06177179887890816
11,1,19,5,0.059783000499010086
11,1,20,2,0.05168820172548294
11,1,20,5,0.04439229890704155
11,1,21,2,0.042865801602602005
11,1,21,5,0.03544579818844795
11,1,22,2,0.03803019970655441
11,1,22,5,0.03182400017976761
11,1,23,2,0.032207198441028595
11,1,23,5,0.024941900745034218
11,1,24,2,0.024567700922489166
11,1,24,5,0.017906799912452698
11,2,1,2,0.016421299427747726
11,2,1,5,0.010774100199341774
11,2,2,2,0.011192100122570992
11,2,2,5,0.007643760181963444
11,2,3,2,0.008541500195860863
11,2,3,5,0.006546409800648689
11,2,4,2,0.006793280132114887
11,2,4,5,0.006634859833866358
11,2,5,2,0.007218940183520317
11,2,5,5,0.00953998975455761
11,2,6,2,0.010761899873614311
11,2,6,5,0.020055100321769714
11,2,7,2,0.017680000513792038
11,2,7,5,0.04102950170636177
11,2,8,2,0.026875099167227745
11,2,8,5,0.057972200214862823
11,2,9,2,0.03865870088338852
11,2,9,5,0.053471099585294724
11,2,10,2,0.05223890021443367
11,2,10,5,0.05254780128598213
11,2,11,2,0.06317389756441116
11,2,11,5,0.055060699582099915
11,2,12,2,0.06994350254535675
11,2,12,5,0.0576740987598896
11,2,13,2,0.072933197021484375
11,2,13,5,0.05914289876818657
11,2,14,2,0.0731218010187149
11,2,14,5,0.060801900923252106
11,2,15,2,0.0736159011721611
11,2,15,5,0.06529849767684937
11,2,16,2,0.07446079701185226
11,2,16,5,0.07260820269584656
11,2,17,2,0.07421649992465973
11,2,17,5,0.07738170027732849
11,2,18,2,0.07000909745693207
11,2,18,5,0.0754816010594368
11,2,19,2,0.061403799802064896
11,2,19,5,0.058705899864435196
11,2,20,2,0.050504300743341446
11,2,20,5,0.043986398726701736
11,2,21,2,0.0412072017788887
11,2,21,5,0.03573089838027954
11,2,22,2,0.03363730013370514
11,2,22,5,0.03074279986321926
11,2,23,2,0.026224300265312195
11,2,23,5,0.02385210059583187
11,2,24,2,0.019166599959135056
11,2,24,5,0.017317699268460274
11,3,1,2,0.016421299427747726
11,3,1,5,0.010774100199341774
11,3,2,2,0.011192100122570992
11,3,2,5,0.007643760181963444
11,3,3,2,0.008541500195860863
11,3,3,5,0.006546409800648689
11,3,4,2,0.006793280132114887
11,3,4,5,0.006634859833866358
11,3,5,2,0.007218940183520317
11,3,5,5,0.00953998975455761
11,3,6,2,0.010761899873614311
11,3,6,5,0.020055100321769714
11,3,7,2,0.017680000513792038
11,3,7,5,0.04102950170636177
11,3,8,2,0.026875099167227745
11,3,8,5,0.057972200214862823
11,3,9,2,0.03865870088338852
11,3,9,5,0.053471099585294724
11,3,10,2,0.05223890021443367
11,3,10,5,0.05254780128598213
11,3,11,2,0.06317389756441116
11,3,11,5,0.055060699582099915
11,3,12,2,0.06994350254535675
11,3,12,5,0.0576740987598896
11,3,13,2,0.072933197021484375
11,3,13,5,0.05914289876818657
11,3,14,2,0.0731218010187149
11,3,14,5,0.060801900923252106
11,3,15,2,0.0736159011721611
11,3,15,5,0.06529849767684937
11,3,16,2,0.07446079701185226
11,3,16,5,0.07260820269584656
11,3,17,2,0.07421649992465973
11,3,17,5,0.07738170027732849
11,3,18,2,0.07000909745693207
11,3,18,5,0.0754816010594368
11,3,19,2,0.061403799802064896
11,3,19,5,0.058705899864435196
11,3,20,2,0.050504300743341446
11,3,20,5,0.043986398726701736
11,3,21,2,0.0412072017788887
11,3,21,5,0.03573089838027954
11,3,22,2,0.03363730013370514
11,3,22,5,0.03074279986321926
11,3,23,2,0.026224300265312195
11,3,23,5,0.02385210059583187
11,3,24,2,0.019166599959135056
11,3,24,5,0.017317699268460274
11,4,1,2,0.021473899483680725
11,4,1,5,0.009862110018730164
11,4,2,2,0.014442799612879753
11,4,2,5,0.006272479891777039
11,4,3,2,0.010968400165438652
11,4,3,5,0.005057670176029205
11,4,4,2,0.007494510151445866
11,4,4,5,0.004666860215365887
11,4,5,2,0.006838549859821796
11,4,5,5,0.00699468981474638
11,4,6,2,0.010358800180256367
11,4,6,5,0.018494000658392906
11,4,7,2,0.018430400639772415
11,4,7,5,0.04595649987459183
11,4,8,2,0.02681170031428337
11,4,8,5,0.06964439898729324
11,4,9,2,0.036385200917720795
11,4,9,5,0.06082789972424507
11,4,10,2,0.04754069820046425
11,4,10,5,0.050286199897527695
11,4,11,2,0.05746639892458916
11,4,11,5,0.049935098737478256
11,4,12,2,0.06507860124111176
11,4,12,5,0.05436540022492409
11,4,13,2,0.07132279872894287
11,4,13,5,0.05764620006084442
11,4,14,2,0.07149170339107513
11,4,14,5,0.058031901717185974
11,4,15,2,0.0717225968837738
11,4,15,5,0.06225540116429329
11,4,16,2,0.07200609892606735
11,4,16,5,0.07100489735603333
11,4,17,2,0.07114870101213455
11,4,17,5,0.07697249948978424
11,4,18,2,0.06788740307092667
11,4,18,5,0.07743199914693832
11,4,19,2,0.06177179887890816
11,4,19,5,0.059783000499010086
11,4,20,2,0.05168820172548294
11,4,20,5,0.04439229890704155
11,4,21,2,0.042865801602602005
11,4,21,5,0.03544579818844795
11,4,22,2,0.03803019970655441
11,4,22,5,0.03182400017976761
11,4,23,2,0.032207198441028595
11,4,23,5,0.024941900745034218
11,4,24,2,0.024567700922489166
11,4,24,5,0.017906799912452698
11,5,1,2,0.021473899483680725
11,5,1,5,0.009862110018730164
11,5,2,2,0.014442799612879753
11,5,2,5,0.006272479891777039
11,5,3,2,0.010968400165438652
11,5,3,5,0.005057670176029205
11,5,4,2,0.007494510151445866
11,5,4,5,0.004666860215365887
11,5,5,2,0.006838549859821796
11,5,5,5,0.00699468981474638
11,5,6,2,0.010358800180256367
11,5,6,5,0.018494000658392906
11,5,7,2,0.018430400639772415
11,5,7,5,0.04595649987459183
11,5,8,2,0.02681170031428337
11,5,8,5,0.06964439898729324
11,5,9,2,0.036385200917720795
11,5,9,5,0.06082789972424507
11,5,10,2,0.04754069820046425
11,5,10,5,0.050286199897527695
11,5,11,2,0.05746639892458916
11,5,11,5,0.049935098737478256
11,5,12,2,0.06507860124111176
11,5,12,5,0.05436540022492409
11,5,13,2,0.07132279872894287
11,5,13,5,0.05764620006084442
11,5,14,2,0.07149170339107513
11,5,14,5,0.058031901717185974
11,5,15,2,0.0717225968837738
11,5,15,5,0.06225540116429329
11,5,16,2,0.07200609892606735
11,5,16,5,0.07100489735603333
11,5,17,2,0.07114870101213455
11,5,17,5,0.07697249948978424
11,5,18,2,0.06788740307092667
11,5,18,5,0.07743199914693832
11,5,19,2,0.06177179887890816
11,5,19,5,0.059783000499010086
11,5,20,2,0.05168820172548294
11,5,20,5,0.04439229890704155
11,5,21,2,0.042865801602602005
11,5,21,5,0.03544579818844795
11,5,22,2,0.03803019970655441
11,5,22,5,0.03182400017976761
11,5,23,2,0.032207198441028595
11,5,23,5,0.024941900745034218
11,5,24,2,0.024567700922489166
11,5,24,5,0.017906799912452698
21,1,1,2,0.021473899483680725
21,1,1,5,0.009862110018730164
21,1,2,2,0.014442799612879753
21,1,2,5,0.006272479891777039
21,1,3,2,0.010968400165438652
21,1,3,5,0.005057670176029205
21,1,4,2,0.007494510151445866
21,1,4,5,0.004666860215365887
21,1,5,2,0.006838549859821796
21,1,5,5,0.00699468981474638
21,1,6,2,0.010358800180256367
21,1,6,5,0.018494000658392906
21,1,7,2,0.018430400639772415
21,1,7,5,0.04595649987459183
21,1,8,2,0.02681170031428337
21,1,8,5,0.06964439898729324
21,1,9,2,0.036385200917720795
21,1,9,5,0.06082789972424507
21,1,10,2,0.04754069820046425
21,1,10,5,0.050286199897527695
21,1,11,2,0.05746639892458916
21,1,11,5,0.049935098737478256
21,1,12,2,0.06507860124111176
21,1,12,5,0.05436540022492409
21,1,13,2,0.07132279872894287
21,1,13,5,0.05764620006084442
21,1,14,2,0.07149170339107513
21,1,14,5,0.058031901717185974
21,1,15,2,0.0717225968837738
21,1,15,5,0.06225540116429329
21,1,16,2,0.07200609892606735
21,1,16,5,0.07100489735603333
21,1,17,2,0.07114870101213455
21,1,17,5,0.07697249948978424
21,1,18,2,0.06788740307092667
21,1,18,5,0.07743199914693832
21,1,19,2,0.06177179887890816
21,1,19,5,0.059783000499010086
21,1,20,2,0.05168820172548294
21,1,20,5,0.04439229890704155
21,1,21,2,0.042865801602602005
21,1,21,5,0.03544579818844795
21,1,22,2,0.03803019970655441
21,1,22,5,0.03182400017976761
21,1,23,2,0.032207198441028595
21,1,23,5,0.024941900745034218
21,1,24,2,0.024567700922489166
21,1,24,5,0.017906799912452698
21,2,1,2,0.016421299427747726
21,2,1,5,0.010774100199341774
21,2,2,2,0.011192100122570992
21,2,2,5,0.007643760181963444
21,2,3,2,0.008541500195860863
21,2,3,5,0.006546409800648689
21,2,4,2,0.006793280132114887
21,2,4,5,0.006634859833866358
21,2,5,2,0.007218940183520317
21,2,5,5,0.00953998975455761
21,2,6,2,0.010761899873614311
21,2,6,5,0.020055100321769714
21,2,7,2,0.017680000513792038
21,2,7,5,0.04102950170636177
21,2,8,2,0.026875099167227745
21,2,8,5,0.057972200214862823
21,2,9,2,0.03865870088338852
21,2,9,5,0.053471099585294724
21,2,10,2,0.05223890021443367
21,2,10,5,0.05254780128598213
21,2,11,2,0.06317389756441116
21,2,11,5,0.055060699582099915
21,2,12,2,0.06994350254535675
21,2,12,5,0.0576740987598896
21,2,13,2,0.072933197021484375
21,2,13,5,0.05914289876818657
21,2,14,2,0.0731218010187149
21,2,14,5,0.060801900923252106
21,2,15,2,0.0736159011721611
21,2,15,5,0.06529849767684937
21,2,16,2,0.07446079701185226
21,2,16,5,0.07260820269584656
21,2,17,2,0.07421649992465973
21,2,17,5,0.07738170027732849
21,2,18,2,0.07000909745693207
21,2,18,5,0.0754816010594368
21,2,19,2,0.061403799802064896
21,2,19,5,0.058705899864435196
21,2,20,2,0.050504300743341446
21,2,20,5,0.043986398726701736
21,2,21,2,0.0412072017788887
21,2,21,5,0.03573089838027954
21,2,22,2,0.03363730013370514
21,2,22,5,0.03074279986321926
21,2,23,2,0.026224300265312195
21,2,23,5,0.02385210059583187
21,2,24,2,0.019166599959135056
21,2,24,5,0.017317699268460274
21,3,1,2,0.016421299427747726
21,3,1,5,0.010774100199341774
21,3,2,2,0.011192100122570992
21,3,2,5,0.007643760181963444
21,3,3,2,0.008541500195860863
21,3,3,5,0.006546409800648689
21,3,4,2,0.006793280132114887
21,3,4,5,0.006634859833866358
21,3,5,2,0.007218940183520317
21,3,5,5,0.00953998975455761
21,3,6,2,0.010761899873614311
21,3,6,5,0.020055100321769714
21,3,7,2,0.017680000513792038
21,3,7,5,0.04102950170636177
21,3,8,2,0.026875099167227745
21,3,8,5,0.057972200214862823
21,3,9,2,0.03865870088338852
21,3,9,5,0.053471099585294724
21,3,10,2,0.05223890021443367
21,3,10,5,0.05254780128598213
21,3,11,2,0.06317389756441116
21,3,11,5,0.055060699582099915
21,3,12,2,0.06994350254535675
21,3,12,5,0.0576740987598896
21,3,13,2,0.072933197021484375
21,3,13,5,0.05914289876818657
21,3,14,2,0.0731218010187149
21,3,14,5,0.060801900923252106
21,3,15,2,0.0736159011721611
21,3,15,5,0.06529849767684937
21,3,16,2,0.07446079701185226
21,3,16,5,0.07260820269584656
21,3,17,2,0.07421649992465973
21,3,17,5,0.07738170027732849
21,3,18,2,0.07000909745693207
21,3,18,5,0.0754816010594368
21,3,19,2,0.061403799802064896
21,3,19,5,0.058705899864435196
21,3,20,2,0.050504300743341446
21,3,20,5,0.043986398726701736
21,3,21,2,0.0412072017788887
21,3,21,5,0.03573089838027954
21,3,22,2,0.03363730013370514
21,3,22,5,0.03074279986321926
21,3,23,2,0.026224300265312195
21,3,23,5,0.02385210059583187
21,3,24,2,0.019166599959135056
21,3,24,5,0.017317699268460274
21,4,1,2,0.021473899483680725
21,4,1,5,0.009862110018730164
21,4,2,2,0.014442799612879753
21,4,2,5,0.006272479891777039
21,4,3,2,0.010968400165438652
21,4,3,5,0.005057670176029205
21,4,4,2,0.007494510151445866
21,4,4,5,0.004666860215365887
21,4,5,2,0.006838549859821796
21,4,5,5,0.00699468981474638
21,4,6,2,0.010358800180256367
21,4,6,5,0.018494000658392906
21,4,7,2,0.018430400639772415
21,4,7,5,0.04595649987459183
21,4,8,2,0.02681170031428337
21,4,8,5,0.06964439898729324
21,4,9,2,0.036385200917720795
21,4,9,5,0.06082789972424507
21,4,10,2,0.04754069820046425
21,4,10,5,0.050286199897527695
21,4,11,2,0.05746639892458916
21,4,11,5,0.049935098737478256
21,4,12,2,0.06507860124111176
21,4,12,5,0.05436540022492409
21,4,13,2,0.07132279872894287
21,4,13,5,0.05764620006084442
21,4,14,2,0.07149170339107513
21,4,14,5,0.058031901717185974
21,4,15,2,0.0717225968837738
21,4,15,5,0.06225540116429329
21,4,16,2,0.07200609892606735
21,4,16,5,0.07100489735603333
21,4,17,2,0.07114870101213455
21,4,17,5,0.07697249948978424
21,4,18,2,0.06788740307092667
21,4,18,5,0.07743199914693832
21,4,19,2,0.06177179887890816
21,4,19,5,0.059783000499010086
21,4,20,2,0.05168820172548294
21,4,20,5,0.04439229890704155
21,4,21,2,0.042865801602602005
21,4,21,5,0.03544579818844795
21,4,22,2,0.03803019970655441
21,4,22,5,0.03182400017976761
21,4,23,2,0.032207198441028595
21,4,23,5,0.024941900745034218
21,4,24,2,0.024567700922489166
21,4,24,5,0.017906799912452698
21,5,1,2,0.021473899483680725
21,5,1,5,0.009862110018730164
21,5,2,2,0.014442799612879753
21,5,2,5,0.006272479891777039
21,5,3,2,0.010968400165438652
21,5,3,5,0.005057670176029205
21,5,4,2,0.007494510151445866
21,5,4,5,0.004666860215365887
21,5,5,2,0.006838549859821796
21,5,5,5,0.00699468981474638
21,5,6,2,0.010358800180256367
21,5,6,5,0.018494000658392906
21,5,7,2,0.018430400639772415
21,5,7,5,0.04595649987459183
21,5,8,2,0.02681170031428337
21,5,8,5,0.06964439898729324
21,5,9,2,0.036385200917720795
21,5,9,5,0.06082789972424507
21,5,10,2,0.04754069820046425
21,5,10,5,0.050286199897527695
21,5,11,2,0.05746639892458916
21,5,11,5,0.049935098737478256
21,5,12,2,0.06507860124111176
21,5,12,5,0.05436540022492409
21,5,13,2,0.07132279872894287
21,5,13,5,0.05764620006084442
21,5,14,2,0.07149170339107513
21,5,14,5,0.058031901717185974
21,5,15,2,0.0717225968837738
21,5,15,5,0.06225540116429329
21,5,16,2,0.07200609892606735
21,5,16,5,0.07100489735603333
21,5,17,2,0.07114870101213455
21,5,17,5,0.07697249948978424
21,5,18,2,0.06788740307092667
21,5,18,5,0.07743199914693832
21,5,19,2,0.06177179887890816
21,5,19,5,0.059783000499010086
21,5,20,2,0.05168820172548294
21,5,20,5,0.04439229890704155
21,5,21,2,0.042865801602602005
21,5,21,5,0.03544579818844795
21,5,22,2,0.03803019970655441
21,5,22,5,0.03182400017976761
21,5,23,2,0.032207198441028595
21,5,23,5,0.024941900745034218
21,5,24,2,0.024567700922489166
21,5,24,5,0.017906799912452698
31,1,1,2,0.021473899483680725
31,1,1,5,0.009862110018730164
31,1,2,2,0.014442799612879753
31,1,2,5,0.006272479891777039
31,1,3,2,0.010968400165438652
31,1,3,5,0.005057670176029205
31,1,4,2,0.007494510151445866
31,1,4,5,0.004666860215365887
31,1,5,2,0.006838549859821796
31,1,5,5,0.00699468981474638
31,1,6,2,0.010358800180256367
31,1,6,5,0.018494000658392906
31,1,7,2,0.018430400639772415
31,1,7,5,0.04595649987459183
31,1,8,2,0.02681170031428337
31,1,8,5,0.06964439898729324
31,1,9,2,0.036385200917720795
31,1,9,5,0.06082789972424507
31,1,10,2,0.04754069820046425
31,1,10,5,0.050286199897527695
31,1,11,2,0.05746639892458916
31,1,11,5,0.049935098737478256
31,1,12,2,0.06507860124111176
31,1,12,5,0.05436540022492409
31,1,13,2,0.07132279872894287
31,1,13,5,0.05764620006084442
31,1,14,2,0.07149170339107513
31,1,14,5,0.058031901717185974
31,1,15,2,0.0717225968837738
31,1,15,5,0.06225540116429329
31,1,16,2,0.07200609892606735
31,1,16,5,0.07100489735603333
31,1,17,2,0.07114870101213455
31,1,17,5,0.07697249948978424
31,1,18,2,0.06788740307092667
31,1,18,5,0.07743199914693832
31,1,19,2,0.06177179887890816
31,1,19,5,0.059783000499010086
31,1,20,2,0.05168820172548294
31,1,20,5,0.04439229890704155
31,1,21,2,0.042865801602602005
31,1,21,5,0.03544579818844795
31,1,22,2,0.03803019970655441
31,1,22,5,0.03182400017976761
31,1,23,2,0.032207198441028595
31,1,23,5,0.024941900745034218
31,1,24,2,0.024567700922489166
31,1,24,5,0.017906799912452698
31,2,1,2,0.016421299427747726
31,2,1,5,0.010774100199341774
31,2,2,2,0.011192100122570992
31,2,2,5,0.007643760181963444
31,2,3,2,0.008541500195860863
31,2,3,5,0.006546409800648689
31,2,4,2,0.006793280132114887
31,2,4,5,0.006634859833866358
31,2,5,2,0.007218940183520317
31,2,5,5,0.00953998975455761
31,2,6,2,0.010761899873614311
31,2,6,5,0.020055100321769714
31,2,7,2,0.017680000513792038
31,2,7,5,0.04102950170636177
31,2,8,2,0.026875099167227745
31,2,8,5,0.057972200214862823
31,2,9,2,0.03865870088338852
31,2,9,5,0.053471099585294724
31,2,10,2,0.05223890021443367
31,2,10,5,0.05254780128598213
31,2,11,2,0.06317389756441116
31,2,11,5,0.055060699582099915
31,2,12,2,0.06994350254535675
31,2,12,5,0.0576740987598896
31,2,13,2,0.072933197021484375
31,2,13,5,0.05914289876818657
31,2,14,2,0.0731218010187149
31,2,14,5,0.060801900923252106
31,2,15,2,0.0736159011721611
31,2,15,5,0.06529849767684937
31,2,16,2,0.07446079701185226
31,2,16,5,0.07260820269584656
31,2,17,2,0.07421649992465973
31,2,17,5,0.07738170027732849
31,2,18,2,0.07000909745693207
31,2,18,5,0.0754816010594368
31,2,19,2,0.061403799802064896
31,2,19,5,0.058705899864435196
31,2,20,2,0.050504300743341446
31,2,20,5,0.043986398726701736
31,2,21,2,0.0412072017788887
31,2,21,5,0.03573089838027954
31,2,22,2,0.03363730013370514
31,2,22,5,0.03074279986321926
31,2,23,2,0.026224300265312195
31,2,23,5,0.02385210059583187
31,2,24,2,0.019166599959135056
31,2,24,5,0.017317699268460274
31,3,1,2,0.016421299427747726
31,3,1,5,0.010774100199341774
31,3,2,2,0.011192100122570992
31,3,2,5,0.007643760181963444
31,3,3,2,0.008541500195860863
31,3,3,5,0.006546409800648689
31,3,4,2,0.006793280132114887
31,3,4,5,0.006634859833866358
31,3,5,2,0.007218940183520317
31,3,5,5,0.00953998975455761
31,3,6,2,0.010761899873614311
31,3,6,5,0.020055100321769714
31,3,7,2,0.017680000513792038
31,3,7,5,0.04102950170636177
31,3,8,2,0.026875099167227745
31,3,8,5,0.057972200214862823
31,3,9,2,0.03865870088338852
31,3,9,5,0.053471099585294724
31,3,10,2,0.05223890021443367
31,3,10,5,0.05254780128598213
31,3,11,2,0.06317389756441116
31,3,11,5,0.055060699582099915
31,3,12,2,0.06994350254535675
31,3,12,5,0.0576740987598896
31,3,13,2,0.072933197021484375
31,3,13,5,0.05914289876818657
31,3,14,2,0.0731218010187149
31,3,14,5,0.060801900923252106
31,3,15,2,0.0736159011721611
31,3,15,5,0.06529849767684937
31,3,16,2,0.07446079701185226
31,3,16,5,0.07260820269584656
31,3,17,2,0.07421649992465973
31,3,17,5,0.07738170027732849
31,3,18,2,0.07000909745693207
31,3,18,5,0.0754816010594368
31,3,19,2,0.061403799802064896
31,3,19,5,0.058705899864435196
31,3,20,2,0.050504300743341446
31,3,20,5,0.043986398726701736
31,3,21,2,0.0412072017788887
31,3,21,5,0.03573089838027954
31,3,22,2,0.03363730013370514
31,3,22,5,0.03074279986321926
31,3,23,2,0.026224300265312195
31,3,23,5,0.02385210059583187
31,3,24,2,0.019166599959135056
31,3,24,5,0.017317699268460274
31,4,1,2,0.021473899483680725
31,4,1,5,0.009862110018730164
31,4,2,2,0.014442799612879753
31,4,2,5,0.006272479891777039
31,4,3,2,0.010968400165438652
31,4,3,5,0.005057670176029205
31,4,4,2,0.007494510151445866
31,4,4,5,0.004666860215365887
31,4,5,2,0.006838549859821796
31,4,5,5,0.00699468981474638
31,4,6,2,0.010358800180256367
31,4,6,5,0.018494000658392906
31,4,7,2,0.018430400639772415
31,4,7,5,0.04595649987459183
31,4,8,2,0.02681170031428337
31,4,8,5,0.06964439898729324
31,4,9,2,0.036385200917720795
31,4,9,5,0.06082789972424507
31,4,10,2,0.04754069820046425
31,4,10,5,0.050286199897527695
31,4,11,2,0.05746639892458916
31,4,11,5,0.049935098737478256
31,4,12,2,0.06507860124111176
31,4,12,5,0.05436540022492409
31,4,13,2,0.07132279872894287
31,4,13,5,0.05764620006084442
31,4,14,2,0.07149170339107513
31,4,14,5,0.058031901717185974
31,4,15,2,0.0717225968837738
31,4,15,5,0.06225540116429329
31,4,16,2,0.07200609892606735
31,4,16,5,0.07100489735603333
31,4,17,2,0.07114870101213455
31,4,17,5,0.07697249948978424
31,4,18,2,0.06788740307092667
31,4,18,5,0.07743199914693832
31,4,19,2,0.06177179887890816
31,4,19,5,0.059783000499010086
31,4,20,2,0.05168820172548294
31,4,20,5,0.04439229890704155
31,4,21,2,0.042865801602602005
31,4,21,5,0.03544579818844795
31,4,22,2,0.03803019970655441
31,4,22,5,0.03182400017976761
31,4,23,2,0.032207198441028595
31,4,23,5,0.024941900745034218
31,4,24,2,0.024567700922489166
31,4,24,5,0.017906799912452698
31,5,1,2,0.021473899483680725
31,5,1,5,0.009862110018730164
31,5,2,2,0.014442799612879753
31,5,2,5,0.006272479891777039
31,5,3,2,0.010968400165438652
31,5,3,5,0.005057670176029205
31,5,4,2,0.007494510151445866
31,5,4,5,0.004666860215365887
31,5,5,2,0.006838549859821796
31,5,5,5,0.00699468981474638
31,5,6,2,0.010358800180256367
31,5,6,5,0.018494000658392906
31,5,7,2,0.018430400639772415
31,5,7,5,0.04595649987459183
31,5,8,2,0.02681170031428337
31,5,8,5,0.06964439898729324
31,5,9,2,0.036385200917720795
31,5,9,5,0.06082789972424507
31,5,10,2,0.04754069820046425
31,5,10,5,0.050286199897527695
31,5,11,2,0.05746639892458916
31,5,11,5,0.049935098737478256
31,5,12,2,0.06507860124111176
31,5,12,5,0.05436540022492409
31,5,13,2,0.07132279872894287
31,5,13,5,0.05764620006084442
31,5,14,2,0.07149170339107513
31,5,14,5,0.058031901717185974
31,5,15,2,0.0717225968837738
31,5,15,5,0.06225540116429329
31,5,16,2,0.07200609892606735
31,5,16,5,0.07100489735603333
31,5,17,2,0.07114870101213455
31,5,17,5,0.07697249948978424
31,5,18,2,0.06788740307092667
31,5,18,5,0.07743199914693832
31,5,19,2,0.06177179887890816
31,5,19,5,0.059783000499010086
31,5,20,2,0.05168820172548294
31,5,20,5,0.04439229890704155
31,5,21,2,0.042865801602602005
31,5,21,5,0.03544579818844795
31,5,22,2,0.03803019970655441
31,5,22,5,0.03182400017976761
31,5,23,2,0.032207198441028595
31,5,23,5,0.024941900745034218
31,5,24,2,0.024567700922489166
31,5,24,5,0.017906799912452698
32,1,1,2,0.021473899483680725
32,1,1,5,0.009862110018730164
32,1,2,2,0.014442799612879753
32,1,2,5,0.006272479891777039
32,1,3,2,0.010968400165438652
32,1,3,5,0.005057670176029205
32,1,4,2,0.007494510151445866
32,1,4,5,0.004666860215365887
32,1,5,2,0.006838549859821796
32,1,5,5,0.00699468981474638
32,1,6,2,0.010358800180256367
32,1,6,5,0.018494000658392906
32,1,7,2,0.018430400639772415
32,1,7,5,0.04595649987459183
32,1,8,2,0.02681170031428337
32,1,8,5,0.06964439898729324
32,1,9,2,0.036385200917720795
32,1,9,5,0.06082789972424507
32,1,10,2,0.04754069820046425
32,1,10,5,0.050286199897527695
32,1,11,2,0.05746639892458916
32,1,11,5,0.049935098737478256
32,1,12,2,0.06507860124111176
32,1,12,5,0.05436540022492409
32,1,13,2,0.07132279872894287
32,1,13,5,0.05764620006084442
32,1,14,2,0.07149170339107513
32,1,14,5,0.058031901717185974
32,1,15,2,0.0717225968837738
32,1,15,5,0.06225540116429329
32,1,16,2,0.07200609892606735
32,1,16,5,0.07100489735603333
32,1,17,2,0.07114870101213455
32,1,17,5,0.07697249948978424
32,1,18,2,0.06788740307092667
32,1,18,5,0.07743199914693832
32,1,19,2,0.06177179887890816
32,1,19,5,0.059783000499010086
32,1,20,2,0.05168820172548294
32,1,20,5,0.04439229890704155
32,1,21,2,0.042865801602602005
32,1,21,5,0.03544579818844795
32,1,22,2,0.03803019970655441
32,1,22,5,0.03182400017976761
32,1,23,2,0.032207198441028595
32,1,23,5,0.024941900745034218
32,1,24,2,0.024567700922489166
32,1,24,5,0.017906799912452698
32,2,1,2,0.016421299427747726
32,2,1,5,0.010774100199341774
32,2,2,2,0.011192100122570992
32,2,2,5,0.007643760181963444
32,2,3,2,0.008541500195860863
32,2,3,5,0.006546409800648689
32,2,4,2,0.006793280132114887
32,2,4,5,0.006634859833866358
32,2,5,2,0.007218940183520317
32,2,5,5,0.00953998975455761
32,2,6,2,0.010761899873614311
32,2,6,5,0.020055100321769714
32,2,7,2,0.017680000513792038
32,2,7,5,0.04102950170636177
32,2,8,2,0.026875099167227745
32,2,8,5,0.057972200214862823
32,2,9,2,0.03865870088338852
32,2,9,5,0.053471099585294724
32,2,10,2,0.05223890021443367
32,2,10,5,0.05254780128598213
32,2,11,2,0.06317389756441116
32,2,11,5,0.055060699582099915
32,2,12,2,0.06994350254535675
32,2,12,5,0.0576740987598896
32,2,13,2,0.072933197021484375
32,2,13,5,0.05914289876818657
32,2,14,2,0.0731218010187149
32,2,14,5,0.060801900923252106
32,2,15,2,0.0736159011721611
32,2,15,5,0.06529849767684937
32,2,16,2,0.07446079701185226
32,2,16,5,0.07260820269584656
32,2,17,2,0.07421649992465973
32,2,17,5,0.07738170027732849
32,2,18,2,0.07000909745693207
32,2,18,5,0.0754816010594368
32,2,19,2,0.061403799802064896
32,2,19,5,0.058705899864435196
32,2,20,2,0.050504300743341446
32,2,20,5,0.043986398726701736
32,2,21,2,0.0412072017788887
32,2,21,5,0.03573089838027954
32,2,22,2,0.03363730013370514
32,2,22,5,0.03074279986321926
32,2,23,2,0.026224300265312195
32,2,23,5,0.02385210059583187
32,2,24,2,0.019166599959135056
32,2,24,5,0.017317699268460274
32,3,1,2,0.016421299427747726
32,3,1,5,0.010774100199341774
32,3,2,2,0.011192100122570992
32,3,2,5,0.007643760181963444
32,3,3,2,0.008541500195860863
32,3,3,5,0.006546409800648689
32,3,4,2,0.006793280132114887
32,3,4,5,0.006634859833866358
32,3,5,2,0.007218940183520317
32,3,5,5,0.00953998975455761
32,3,6,2,0.010761899873614311
32,3,6,5,0.020055100321769714
32,3,7,2,0.017680000513792038
32,3,7,5,0.04102950170636177
32,3,8,2,0.026875099167227745
32,3,8,5,0.057972200214862823
32,3,9,2,0.03865870088338852
32,3,9,5,0.053471099585294724
32,3,10,2,0.05223890021443367
32,3,10,5,0.05254780128598213
32,3,11,2,0.06317389756441116
32,3,11,5,0.055060699582099915
32,3,12,2,0.06994350254535675
32,3,12,5,0.0576740987598896
32,3,13,2,0.072933197021484375
32,3,13,5,0.05914289876818657
32,3,14,2,0.0731218010187149
32,3,14,5,0.060801900923252106
32,3,15,2,0.0736159011721611
32,3,15,5,0.06529849767684937
32,3,16,2,0.07446079701185226
32,3,16,5,0.07260820269584656
32,3,17,2,0.07421649992465973
32,3,17,5,0.07738170027732849
32,3,18,2,0.07000909745693207
32,3,18,5,0.0754816010594368
32,3,19,2,0.061403799802064896
32,3,19,5,0.058705899864435196
32,3,20,2,0.050504300743341446
32,3,20,5,0.043986398726701736
32,3,21,2,0.0412072017788887
32,3,21,5,0.03573089838027954
32,3,22,2,0.03363730013370514
32,3,22,5,0.03074279986321926
32,3,23,2,0.026224300265312195
32,3,23,5,0.02385210059583187
32,3,24,2,0.019166599959135056
32,3,24,5,0.017317699268460274
32,4,1,2,0.021473899483680725
32,4,1,5,0.009862110018730164
32,4,2,2,0.014442799612879753
32,4,2,5,0.006272479891777039
32,4,3,2,0.010968400165438652
32,4,3,5,0.005057670176029205
32,4,4,2,0.007494510151445866
32,4,4,5,0.004666860215365887
32,4,5,2,0.006838549859821796
32,4,5,5,0.00699468981474638
32,4,6,2,0.010358800180256367
32,4,6,5,0.018494000658392906
32,4,7,2,0.018430400639772415
32,4,7,5,0.04595649987459183
32,4,8,2,0.02681170031428337
32,4,8,5,0.06964439898729324
32,4,9,2,0.036385200917720795
32,4,9,5,0.06082789972424507
32,4,10,2,0.04754069820046425
32,4,10,5,0.050286199897527695
32,4,11,2,0.05746639892458916
32,4,11,5,0.049935098737478256
32,4,12,2,0.06507860124111176
32,4,12,5,0.05436540022492409
32,4,13,2,0.07132279872894287
32,4,13,5,0.05764620006084442
32,4,14,2,0.07149170339107513
32,4,14,5,0.058031901717185974
32,4,15,2,0.0717225968837738
32,4,15,5,0.06225540116429329
32,4,16,2,0.07200609892606735
32,4,16,5,0.07100489735603333
32,4,17,2,0.07114870101213455
32,4,17,5,0.07697249948978424
32,4,18,2,0.06788740307092667
32,4,18,5,0.07743199914693832
32,4,19,2,0.06177179887890816
32,4,19,5,0.059783000499010086
32,4,20,2,0.05168820172548294
32,4,20,5,0.04439229890704155
32,4,21,2,0.042865801602602005
32,4,21,5,0.03544579818844795
32,4,22,2,0.03803019970655441
32,4,22,5,0.03182400017976761
32,4,23,2,0.032207198441028595
32,4,23,5,0.024941900745034218
32,4,24,2,0.024567700922489166
32,4,24,5,0.017906799912452698
32,5,1,2,0.021473899483680725
32,5,1,5,0.009862110018730164
32,5,2,2,0.014442799612879753
32,5,2,5,0.006272479891777039
32,5,3,2,0.010968400165438652
32,5,3,5,0.005057670176029205
32,5,4,2,0.007494510151445866
32,5,4,5,0.004666860215365887
32,5,5,2,0.006838549859821796
32,5,5,5,0.00699468981474638
32,5,6,2,0.010358800180256367
32,5,6,5,0.018494000658392906
32,5,7,2,0.018430400639772415
32,5,7,5,0.04595649987459183
32,5,8,2,0.02681170031428337
32,5,8,5,0.06964439898729324
32,5,9,2,0.036385200917720795
32,5,9,5,0.06082789972424507
32,5,10,2,0.04754069820046425
32,5,10,5,0.050286199897527695
32,5,11,2,0.05746639892458916
32,5,11,5,0.049935098737478256
32,5,12,2,0.06507860124111176
32,5,12,5,0.05436540022492409
32,5,13,2,0.07132279872894287
32,5,13,5,0.05764620006084442
32,5,14,2,0.07149170339107513
32,5,14,5,0.058031901717185974
32,5,15,2,0.0717225968837738
32,5,15,5,0.06225540116429329
32,5,16,2,0.07200609892606735
32,5,16,5,0.07100489735603333
32,5,17,2,0.07114870101213455
32,5,17,5,0.07697249948978424
32,5,18,2,0.06788740307092667
32,5,18,5,0.07743199914693832
32,5,19,2,0.06177179887890816
32,5,19,5,0.059783000499010086
32,5,20,2,0.05168820172548294
32,5,20,5,0.04439229890704155
32,5,21,2,0.042865801602602005
32,5,21,5,0.03544579818844795
32,5,22,2,0.03803019970655441
32,5,22,5,0.03182400017976761
32,5,23,2,0.032207198441028595
32,5,23,5,0.024941900745034218
32,5,24,2,0.024567700922489166
32,5,24,5,0.017906799912452698
41,1,1,2,0.021473899483680725
41,1,1,5,0.009862110018730164
41,1,2,2,0.014442799612879753
41,1,2,5,0.006272479891777039
41,1,3,2,0.010968400165438652
41,1,3,5,0.005057670176029205
41,1,4,2,0.007494510151445866
41,1,4,5,0.004666860215365887
41,1,5,2,0.006838549859821796
41,1,5,5,0.00699468981474638
41,1,6,2,0.010358800180256367
41,1,6,5,0.018494000658392906
41,1,7,2,0.018430400639772415
41,1,7,5,0.04595649987459183
41,1,8,2,0.02681170031428337
41,1,8,5,0.06964439898729324
41,1,9,2,0.036385200917720795
41,1,9,5,0.06082789972424507
41,1,10,2,0.04754069820046425
41,1,10,5,0.050286199897527695
41,1,11,2,0.05746639892458916
41,1,11,5,0.049935098737478256
41,1,12,2,0.06507860124111176
41,1,12,5,0.05436540022492409
41,1,13,2,0.07132279872894287
41,1,13,5,0.05764620006084442
41,1,14,2,0.07149170339107513
41,1,14,5,0.058031901717185974
41,1,15,2,0.0717225968837738
41,1,15,5,0.06225540116429329
41,1,16,2,0.07200609892606735
41,1,16,5,0.07100489735603333
41,1,17,2,0.07114870101213455
41,1,17,5,0.07697249948978424
41,1,18,2,0.06788740307092667
41,1,18,5,0.07743199914693832
41,1,19,2,0.06177179887890816
41,1,19,5,0.059783000499010086
41,1,20,2,0.05168820172548294
41,1,20,5,0.04439229890704155
41,1,21,2,0.042865801602602005
41,1,21,5,0.03544579818844795
41,1,22,2,0.03803019970655441
41,1,22,5,0.03182400017976761
41,1,23,2,0.032207198441028595
41,1,23,5,0.024941900745034218
41,1,24,2,0.024567700922489166
41,1,24,5,0.017906799912452698
41,2,1,2,0.016421299427747726
41,2,1,5,0.010774100199341774
41,2,2,2,0.011192100122570992
41,2,2,5,0.007643760181963444
41,2,3,2,0.008541500195860863
41,2,3,5,0.006546409800648689
41,2,4,2,0.006793280132114887
41,2,4,5,0.006634859833866358
41,2,5,2,0.007218940183520317
41,2,5,5,0.00953998975455761
41,2,6,2,0.010761899873614311
41,2,6,5,0.020055100321769714
41,2,7,2,0.017680000513792038
41,2,7,5,0.04102950170636177
41,2,8,2,0.026875099167227745
41,2,8,5,0.057972200214862823
41,2,9,2,0.03865870088338852
41,2,9,5,0.053471099585294724
41,2,10,2,0.05223890021443367
41,2,10,5,0.05254780128598213
41,2,11,2,0.06317389756441116
41,2,11,5,0.055060699582099915
41,2,12,2,0.06994350254535675
41,2,12,5,0.0576740987598896
41,2,13,2,0.072933197021484375
41,2,13,5,0.05914289876818657
41,2,14,2,0.0731218010187149
41,2,14,5,0.060801900923252106
41,2,15,2,0.0736159011721611
41,2,15,5,0.06529849767684937
41,2,16,2,0.07446079701185226
41,2,16,5,0.07260820269584656
41,2,17,2,0.07421649992465973
41,2,17,5,0.07738170027732849
41,2,18,2,0.07000909745693207
41,2,18,5,0.0754816010594368
41,2,19,2,0.061403799802064896
41,2,19,5,0.058705899864435196
41,2,20,2,0.050504300743341446
41,2,20,5,0.043986398726701736
41,2,21,2,0.0412072017788887
41,2,21,5,0.03573089838027954
41,2,22,2,0.03363730013370514
41,2,22,5,0.03074279986321926
41,2,23,2,0.026224300265312195
41,2,23,5,0.02385210059583187
41,2,24,2,0.019166599959135056
41,2,24,5,0.017317699268460274
41,3,1,2,0.016421299427747726
41,3,1,5,0.010774100199341774
41,3,2,2,0.011192100122570992
41,3,2,5,0.007643760181963444
41,3,3,2,0.008541500195860863
41,3,3,5,0.006546409800648689
41,3,4,2,0.006793280132114887
41,3,4,5,0.006634859833866358
41,3,5,2,0.007218940183520317
41,3,5,5,0.00953998975455761
41,3,6,2,0.010761899873614311
41,3,6,5,0.020055100321769714
41,3,7,2,0.017680000513792038
41,3,7,5,0.04102950170636177
41,3,8,2,0.026875099167227745
41,3,8,5,0.057972200214862823
41,3,9,2,0.03865870088338852
41,3,9,5,0.053471099585294724
41,3,10,2,0.05223890021443367
41,3,10,5,0.05254780128598213
41,3,11,2,0.06317389756441116
41,3,11,5,0.055060699582099915
41,3,12,2,0.06994350254535675
41,3,12,5,0.0576740987598896
41,3,13,2,0.072933197021484375
41,3,13,5,0.05914289876818657
41,3,14,2,0.0731218010187149
41,3,14,5,0.060801900923252106
41,3,15,2,0.0736159011721611
41,3,15,5,0.06529849767684937
41,3,16,2,0.07446079701185226
41,3,16,5,0.07260820269584656
41,3,17,2,0.07421649992465973
41,3,17,5,0.07738170027732849
41,3,18,2,0.07000909745693207
41,3,18,5,0.0754816010594368
41,3,19,2,0.061403799802064896
41,3,19,5,0.058705899864435196
41,3,20,2,0.050504300743341446
41,3,20,5,0.043986398726701736
41,3,21,2,0.0412072017788887
41,3,21,5,0.03573089838027954
41,3,22,2,0.03363730013370514
41,3,22,5,0.03074279986321926
41,3,23,2,0.026224300265312195
41,3,23,5,0.02385210059583187
41,3,24,2,0.019166599959135056
41,3,24,5,0.017317699268460274
41,4,1,2,0.021473899483680725
41,4,1,5,0.009862110018730164
41,4,2,2,0.014442799612879753
41,4,2,5,0.006272479891777039
41,4,3,2,0.010968400165438652
41,4,3,5,0.005057670176029205
41,4,4,2,0.007494510151445866
41,4,4,5,0.004666860215365887
41,4,5,2,0.006838549859821796
41,4,5,5,0.00699468981474638
41,4,6,2,0.010358800180256367
41,4,6,5,0.018494000658392906
41,4,7,2,0.018430400639772415
41,4,7,5,0.04595649987459183
41,4,8,2,0.02681170031428337
41,4,8,5,0.06964439898729324
41,4,9,2,0.036385200917720795
41,4,9,5,0.06082789972424507
41,4,10,2,0.04754069820046425
41,4,10,5,0.050286199897527695
41,4,11,2,0.05746639892458916
41,4,11,5,0.049935098737478256
41,4,12,2,0.06507860124111176
41,4,12,5,0.05436540022492409
41,4,13,2,0.07132279872894287
41,4,13,5,0.05764620006084442
41,4,14,2,0.07149170339107513
41,4,14,5,0.058031901717185974
41,4,15,2,0.0717225968837738
41,4,15,5,0.06225540116429329
41,4,16,2,0.07200609892606735
41,4,16,5,0.07100489735603333
41,4,17,2,0.07114870101213455
41,4,17,5,0.07697249948978424
41,4,18,2,0.06788740307092667
41,4,18,5,0.07743199914693832
41,4,19,2,0.06177179887890816
41,4,19,5,0.059783000499010086
41,4,20,2,0.05168820172548294
41,4,20,5,0.04439229890704155
41,4,21,2,0.042865801602602005
41,4,21,5,0.03544579818844795
41,4,22,2,0.03803019970655441
41,4,22,5,0.03182400017976761
41,4,23,2,0.032207198441028595
41,4,23,5,0.024941900745034218
41,4,24,2,0.024567700922489166
41,4,24,5,0.017906799912452698
41,5,1,2,0.021473899483680725
41,5,1,5,0.009862110018730164
41,5,2,2,0.014442799612879753
41,5,2,5,0.006272479891777039
41,5,3,2,0.010968400165438652
41,5,3,5,0.005057670176029205
41,5,4,2,0.007494510151445866
41,5,4,5,0.004666860215365887
41,5,5,2,0.006838549859821796
41,5,5,5,0.00699468981474638
41,5,6,2,0.010358800180256367
41,5,6,5,0.018494000658392906
41,5,7,2,0.018430400639772415
41,5,7,5,0.04595649987459183
41,5,8,2,0.02681170031428337
41,5,8,5,0.06964439898729324
41,5,9,2,0.036385200917720795
41,5,9,5,0.06082789972424507
41,5,10,2,0.04754069820046425
41,5,10,5,0.050286199897527695
41,5,11,2,0.05746639892458916
41,5,11,5,0.049935098737478256
41,5,12,2,0.06507860124111176
41,5,12,5,0.05436540022492409
41,5,13,2,0.07132279872894287
41,5,13,5,0.05764620006084442
41,5,14,2,0.07149170339107513
41,5,14,5,0.058031901717185974
41,5,15,2,0.0717225968837738
41,5,15,5,0.06225540116429329
41,5,16,2,0.07200609892606735
41,5,16,5,0.07100489735603333
41,5,17,2,0.07114870101213455
41,5,17,5,0.07697249948978424
41,5,18,2,0.06788740307092667
41,5,18,5,0.07743199914693832
41,5,19,2,0.06177179887890816
41,5,19,5,0.059783000499010086
41,5,20,2,0.05168820172548294
41,5,20,5,0.04439229890704155
41,5,21,2,0.042865801602602005
41,5,21,5,0.03544579818844795
41,5,22,2,0.03803019970655441
41,5,22,5,0.03182400017976761
41,5,23,2,0.032207198441028595
41,5,23,5,0.024941900745034218
41,5,24,2,0.024567700922489166
41,5,24,5,0.017906799912452698
42,1,1,2,0.021473899483680725
42,1,1,5,0.009862110018730164
42,1,2,2,0.014442799612879753
42,1,2,5,0.006272479891777039
42,1,3,2,0.010968400165438652
42,1,3,5,0.005057670176029205
42,1,4,2,0.007494510151445866
42,1,4,5,0.004666860215365887
42,1,5,2,0.006838549859821796
42,1,5,5,0.00699468981474638
42,1,6,2,0.010358800180256367
42,1,6,5,0.018494000658392906
42,1,7,2,0.018430400639772415
42,1,7,5,0.04595649987459183
42,1,8,2,0.02681170031428337
42,1,8,5,0.06964439898729324
42,1,9,2,0.036385200917720795
42,1,9,5,0.06082789972424507
42,1,10,2,0.04754069820046425
42,1,10,5,0.050286199897527695
42,1,11,2,0.05746639892458916
42,1,11,5,0.049935098737478256
42,1,12,2,0.06507860124111176
42,1,12,5,0.05436540022492409
42,1,13,2,0.07132279872894287
42,1,13,5,0.05764620006084442
42,1,14,2,0.07149170339107513
42,1,14,5,0.058031901717185974
42,1,15,2,0.0717225968837738
42,1,15,5,0.06225540116429329
42,1,16,2,0.07200609892606735
42,1,16,5,0.07100489735603333
42,1,17,2,0.07114870101213455
42,1,17,5,0.07697249948978424
42,1,18,2,0.06788740307092667
42,1,18,5,0.07743199914693832
42,1,19,2,0.06177179887890816
42,1,19,5,0.059783000499010086
42,1,20,2,0.05168820172548294
42,1,20,5,0.04439229890704155
42,1,21,2,0.042865801602602005
42,1,21,5,0.03544579818844795
42,1,22,2,0.03803019970655441
42,1,22,5,0.03182400017976761
42,1,23,2,0.032207198441028595
42,1,23,5,0.024941900745034218
42,1,24,2,0.024567700922489166
42,1,24,5,0.017906799912452698
42,2,1,2,0.016421299427747726
42,2,1,5,0.010774100199341774
42,2,2,2,0.011192100122570992
42,2,2,5,0.007643760181963444
42,2,3,2,0.008541500195860863
42,2,3,5,0.006546409800648689
42,2,4,2,0.006793280132114887
42,2,4,5,0.006634859833866358
42,2,5,2,0.007218940183520317
42,2,5,5,0.00953998975455761
42,2,6,2,0.010761899873614311
42,2,6,5,0.020055100321769714
42,2,7,2,0.017680000513792038
42,2,7,5,0.04102950170636177
42,2,8,2,0.026875099167227745
42,2,8,5,0.057972200214862823
42,2,9,2,0.03865870088338852
42,2,9,5,0.053471099585294724
42,2,10,2,0.05223890021443367
42,2,10,5,0.05254780128598213
42,2,11,2,0.06317389756441116
42,2,11,5,0.055060699582099915
42,2,12,2,0.06994350254535675
42,2,12,5,0.0576740987598896
42,2,13,2,0.072933197021484375
42,2,13,5,0.05914289876818657
42,2,14,2,0.0731218010187149
42,2,14,5,0.060801900923252106
42,2,15,2,0.0736159011721611
42,2,15,5,0.06529849767684937
42,2,16,2,0.07446079701185226
42,2,16,5,0.07260820269584656
42,2,17,2,0.07421649992465973
42,2,17,5,0.07738170027732849
42,2,18,2,0.07000909745693207
42,2,18,5,0.0754816010594368
42,2,19,2,0.061403799802064896
42,2,19,5,0.058705899864435196
42,2,20,2,0.050504300743341446
42,2,20,5,0.043986398726701736
42,2,21,2,0.0412072017788887
42,2,21,5,0.03573089838027954
42,2,22,2,0.03363730013370514
42,2,22,5,0.03074279986321926
42,2,23,2,0.026224300265312195
42,2,23,5,0.02385210059583187
42,2,24,2,0.019166599959135056
42,2,24,5,0.017317699268460274
42,3,1,2,0.016421299427747726
42,3,1,5,0.010774100199341774
42,3,2,2,0.011192100122570992
42,3,2,5,0.007643760181963444
42,3,3,2,0.008541500195860863
42,3,3,5,0.006546409800648689
42,3,4,2,0.006793280132114887
42,3,4,5,0.006634859833866358
42,3,5,2,0.007218940183520317
42,3,5,5,0.00953998975455761
42,3,6,2,0.010761899873614311
42,3,6,5,0.020055100321769714
42,3,7,2,0.017680000513792038
42,3,7,5,0.04102950170636177
42,3,8,2,0.026875099167227745
42,3,8,5,0.057972200214862823
42,3,9,2,0.03865870088338852
42,3,9,5,0.053471099585294724
42,3,10,2,0.05223890021443367
42,3,10,5,0.05254780128598213
42,3,11,2,0.06317389756441116
42,3,11,5,0.055060699582099915
42,3,12,2,0.06994350254535675
42,3,12,5,0.0576740987598896
42,3,13,2,0.072933197021484375
42,3,13,5,0.05914289876818657
42,3,14,2,0.0731218010187149
42,3,14,5,0.060801900923252106
42,3,15,2,0.0736159011721611
42,3,15,5,0.06529849767684937
42,3,16,2,0.07446079701185226
42,3,16,5,0.07260820269584656
42,3,17,2,0.07421649992465973
42,3,17,5,0.07738170027732849
42,3,18,2,0.07000909745693207
42,3,18,5,0.0754816010594368
42,3,19,2,0.061403799802064896
42,3,19,5,0.058705899864435196
42,3,20,2,0.050504300743341446
42,3,20,5,0.043986398726701736
42,3,21,2,0.0412072017788887
42,3,21,5,0.03573089838027954
42,3,22,2,0.03363730013370514
42,3,22,5,0.03074279986321926
42,3,23,2,0.026224300265312195
42,3,23,5,0.02385210059583187
42,3,24,2,0.019166599959135056
42,3,24,5,0.017317699268460274
42,4,1,2,0.021473899483680725
42,4,1,5,0.009862110018730164
42,4,2,2,0.014442799612879753
42,4,2,5,0.006272479891777039
42,4,3,2,0.010968400165438652
42,4,3,5,0.005057670176029205
42,4,4,2,0.007494510151445866
42,4,4,5,0.004666860215365887
42,4,5,2,0.006838549859821796
42,4,5,5,0.00699468981474638
42,4,6,2,0.010358800180256367
42,4,6,5,0.018494000658392906
42,4,7,2,0.018430400639772415
42,4,7,5,0.04595649987459183
42,4,8,2,0.02681170031428337
42,4,8,5,0.06964439898729324
42,4,9,2,0.036385200917720795
42,4,9,5,0.06082789972424507
42,4,10,2,0.04754069820046425
42,4,10,5,0.050286199897527695
42,4,11,2,0.05746639892458916
42,4,11,5,0.049935098737478256
42,4,12,2,0.06507860124111176
42,4,12,5,0.05436540022492409
42,4,13,2,0.07132279872894287
42,4,13,5,0.05764620006084442
42,4,14,2,0.07149170339107513
42,4,14,5,0.058031901717185974
42,4,15,2,0.0717225968837738
42,4,15,5,0.06225540116429329
42,4,16,2,0.07200609892606735
42,4,16,5,0.07100489735603333
42,4,17,2,0.07114870101213455
42,4,17,5,0.07697249948978424
42,4,18,2,0.06788740307092667
42,4,18,5,0.07743199914693832
42,4,19,2,0.06177179887890816
42,4,19,5,0.059783000499010086
42,4,20,2,0.05168820172548294
42,4,20,5,0.04439229890704155
42,4,21,2,0.042865801602602005
42,4,21,5,0.03544579818844795
42,4,22,2,0.03803019970655441
42,4,22,5,0.03182400017976761
42,4,23,2,0.032207198441028595
42,4,23,5,0.024941900745034218
42,4,24,2,0.024567700922489166
42,4,24,5,0.017906799912452698
42,5,1,2,0.021473899483680725
42,5,1,5,0.009862110018730164
42,5,2,2,0.014442799612879753
42,5,2,5,0.006272479891777039
42,5,3,2,0.010968400165438652
42,5,3,5,0.005057670176029205
42,5,4,2,0.007494510151445866
42,5,4,5,0.004666860215365887
42,5,5,2,0.006838549859821796
42,5,5,5,0.00699468981474638
42,5,6,2,0.010358800180256367
42,5,6,5,0.018494000658392906
42,5,7,2,0.018430400639772415
42,5,7,5,0.04595649987459183
42,5,8,2,0.02681170031428337
42,5,8,5,0.06964439898729324
42,5,9,2,0.036385200917720795
42,5,9,5,0.06082789972424507
42,5,10,2,0.04754069820046425
42,5,10,5,0.050286199897527695
42,5,11,2,0.05746639892458916
42,5,11,5,0.049935098737478256
42,5,12,2,0.06507860124111176
42,5,12,5,0.05436540022492409
42,5,13,2,0.07132279872894287
42,5,13,5,0.05764620006084442
42,5,14,2,0.07149170339107513
42,5,14,5,0.058031901717185974
42,5,15,2,0.0717225968837738
42,5,15,5,0.06225540116429329
42,5,16,2,0.07200609892606735
42,5,16,5,0.07100489735603333
42,5,17,2,0.07114870101213455
42,5,17,5,0.07697249948978424
42,5,18,2,0.06788740307092667
42,5,18,5,0.07743199914693832
42,5,19,2,0.06177179887890816
42,5,19,5,0.059783000499010086
42,5,20,2,0.05168820172548294
42,5,20,5,0.04439229890704155
42,5,21,2,0.042865801602602005
42,5,21,5,0.03544579818844795
42,5,22,2,0.03803019970655441
42,5,22,5,0.03182400017976761
42,5,23,2,0.032207198441028595
42,5,23,5,0.024941900745034218
42,5,24,2,0.024567700922489166
42,5,24,5,0.017906799912452698
43,1,1,2,0.021473899483680725
43,1,1,5,0.009862110018730164
43,1,2,2,0.014442799612879753
43,1,2,5,0.006272479891777039
43,1,3,2,0.010968400165438652
43,1,3,5,0.005057670176029205
43,1,4,2,0.007494510151445866
43,1,4,5,0.004666860215365887
43,1,5,2,0.006838549859821796
43,1,5,5,0.00699468981474638
43,1,6,2,0.010358800180256367
43,1,6,5,0.018494000658392906
43,1,7,2,0.018430400639772415
43,1,7,5,0.04595649987459183
43,1,8,2,0.02681170031428337
43,1,8,5,0.06964439898729324
43,1,9,2,0.036385200917720795
43,1,9,5,0.06082789972424507
43,1,10,2,0.04754069820046425
43,1,10,5,0.050286199897527695
43,1,11,2,0.05746639892458916
43,1,11,5,0.049935098737478256
43,1,12,2,0.06507860124111176
43,1,12,5,0.05436540022492409
43,1,13,2,0.07132279872894287
43,1,13,5,0.05764620006084442
43,1,14,2,0.07149170339107513
43,1,14,5,0.058031901717185974
43,1,15,2,0.0717225968837738
43,1,15,5,0.06225540116429329
43,1,16,2,0.07200609892606735
43,1,16,5,0.07100489735603333
43,1,17,2,0.07114870101213455
43,1,17,5,0.07697249948978424
43,1,18,2,0.06788740307092667
43,1,18,5,0.07743199914693832
43,1,19,2,0.06177179887890816
43,1,19,5,0.059783000499010086
43,1,20,2,0.05168820172548294
43,1,20,5,0.04439229890704155
43,1,21,2,0.042865801602602005
43,1,21,5,0.03544579818844795
43,1,22,2,0.03803019970655441
43,1,22,5,0.03182400017976761
43,1,23,2,0.032207198441028595
43,1,23,5,0.024941900745034218
43,1,24,2,0.024567700922489166
43,1,24,5,0.017906799912452698
43,2,1,2,0.016421299427747726
43,2,1,5,0.010774100199341774
43,2,2,2,0.011192100122570992
43,2,2,5,0.007643760181963444
43,2,3,2,0.008541500195860863
43,2,3,5,0.006546409800648689
43,2,4,2,0.006793280132114887
43,2,4,5,0.006634859833866358
43,2,5,2,0.007218940183520317
43,2,5,5,0.00953998975455761
43,2,6,2,0.010761899873614311
43,2,6,5,0.020055100321769714
43,2,7,2,0.017680000513792038
43,2,7,5,0.04102950170636177
43,2,8,2,0.026875099167227745
43,2,8,5,0.057972200214862823
43,2,9,2,0.03865870088338852
43,2,9,5,0.053471099585294724
43,2,10,2,0.05223890021443367
43,2,10,5,0.05254780128598213
43,2,11,2,0.06317389756441116
43,2,11,5,0.055060699582099915
43,2,12,2,0.06994350254535675
43,2,12,5,0.0576740987598896
43,2,13,2,0.072933197021484375
43,2,13,5,0.05914289876818657
43,2,14,2,0.0731218010187149
43,2,14,5,0.060801900923252106
43,2,15,2,0.0736159011721611
43,2,15,5,0.06529849767684937
43,2,16,2,0.07446079701185226
43,2,16,5,0.07260820269584656
43,2,17,2,0.07421649992465973
43,2,17,5,0.07738170027732849
43,2,18,2,0.07000909745693207
43,2,18,5,0.0754816010594368
43,2,19,2,0.061403799802064896
43,2,19,5,0.058705899864435196
43,2,20,2,0.050504300743341446
43,2,20,5,0.043986398726701736
43,2,21,2,0.0412072017788887
43,2,21,5,0.03573089838027954
43,2,22,2,0.03363730013370514
43,2,22,5,0.03074279986321926
43,2,23,2,0.026224300265312195
43,2,23,5,0.02385210059583187
43,2,24,2,0.019166599959135056
43,2,24,5,0.017317699268460274
43,3,1,2,0.016421299427747726
43,3,1,5,0.010774100199341774
43,3,2,2,0.011192100122570992
43,3,2,5,0.007643760181963444
43,3,3,2,0.008541500195860863
43,3,3,5,0.006546409800648689
43,3,4,2,0.006793280132114887
43,3,4,5,0.006634859833866358
43,3,5,2,0.007218940183520317
43,3,5,5,0.00953998975455761
43,3,6,2,0.010761899873614311
43,3,6,5,0.020055100321769714
43,3,7,2,0.017680000513792038
43,3,7,5,0.04102950170636177
43,3,8,2,0.026875099167227745
43,3,8,5,0.057972200214862823
43,3,9,2,0.03865870088338852
43,3,9,5,0.053471099585294724
43,3,10,2,0.05223890021443367
43,3,10,5,0.05254780128598213
43,3,11,2,0.06317389756441116
43,3,11,5,0.055060699582099915
43,3,12,2,0.06994350254535675
43,3,12,5,0.0576740987598896
43,3,13,2,0.072933197021484375
43,3,13,5,0.05914289876818657
43,3,14,2,0.0731218010187149
43,3,14,5,0.060801900923252106
43,3,15,2,0.0736159011721611
43,3,15,5,0.06529849767684937
43,3,16,2,0.07446079701185226
43,3,16,5,0.07260820269584656
43,3,17,2,0.07421649992465973
43,3,17,5,0.07738170027732849
43,3,18,2,0.07000909745693207
43,3,18,5,0.0754816010594368
43,3,19,2,0.061403799802064896
43,3,19,5,0.058705899864435196
43,3,20,2,0.050504300743341446
43,3,20,5,0.043986398726701736
43,3,21,2,0.0412072017788887
43,3,21,5,0.03573089838027954
43,3,22,2,0.03363730013370514
43,3,22,5,0.03074279986321926
43,3,23,2,0.026224300265312195
43,3,23,5,0.02385210059583187
43,3,24,2,0.019166599959135056
43,3,24,5,0.017317699268460274
43,4,1,2,0.021473899483680725
43,4,1,5,0.009862110018730164
43,4,2,2,0.014442799612879753
43,4,2,5,0.006272479891777039
43,4,3,2,0.010968400165438652
43,4,3,5,0.005057670176029205
43,4,4,2,0.007494510151445866
43,4,4,5,0.004666860215365887
43,4,5,2,0.006838549859821796
43,4,5,5,0.00699468981474638
43,4,6,2,0.010358800180256367
43,4,6,5,0.018494000658392906
43,4,7,2,0.018430400639772415
43,4,7,5,0.04595649987459183
43,4,8,2,0.02681170031428337
43,4,8,5,0.06964439898729324
43,4,9,2,0.036385200917720795
43,4,9,5,0.06082789972424507
43,4,10,2,0.04754069820046425
43,4,10,5,0.050286199897527695
43,4,11,2,0.05746639892458916
43,4,11,5,0.049935098737478256
43,4,12,2,0.06507860124111176
43,4,12,5,0.05436540022492409
43,4,13,2,0.07132279872894287
43,4,13,5,0.05764620006084442
43,4,14,2,0.07149170339107513
43,4,14,5,0.058031901717185974
43,4,15,2,0.0717225968837738
43,4,15,5,0.06225540116429329
43,4,16,2,0.07200609892606735
43,4,16,5,0.07100489735603333
43,4,17,2,0.07114870101213455
43,4,17,5,0.07697249948978424
43,4,18,2,0.06788740307092667
43,4,18,5,0.07743199914693832
43,4,19,2,0.06177179887890816
43,4,19,5,0.059783000499010086
43,4,20,2,0.05168820172548294
43,4,20,5,0.04439229890704155
43,4,21,2,0.042865801602602005
43,4,21,5,0.03544579818844795
43,4,22,2,0.03803019970655441
43,4,22,5,0.03182400017976761
43,4,23,2,0.032207198441028595
43,4,23,5,0.024941900745034218
43,4,24,2,0.024567700922489166
43,4,24,5,0.017906799912452698
43,5,1,2,0.021473899483680725
43,5,1,5,0.009862110018730164
43,5,2,2,0.014442799612879753
43,5,2,5,0.006272479891777039
43,5,3,2,0.010968400165438652
43,5,3,5,0.005057670176029205
43,5,4,2,0.007494510151445866
43,5,4,5,0.004666860215365887
43,5,5,2,0.006838549859821796
43,5,5,5,0.00699468981474638
43,5,6,2,0.010358800180256367
43,5,6,5,0.018494000658392906
43,5,7,2,0.018430400639772415
43,5,7,5,0.04595649987459183
43,5,8,2,0.02681170031428337
43,5,8,5,0.06964439898729324
43,5,9,2,0.036385200917720795
43,5,9,5,0.06082789972424507
43,5,10,2,0.04754069820046425
43,5,10,5,0.050286199897527695
43,5,11,2,0.05746639892458916
43,5,11,5,0.049935098737478256
43,5,12,2,0.06507860124111176
43,5,12,5,0.05436540022492409
43,5,13,2,0.07132279872894287
43,5,13,5,0.05764620006084442
43,5,14,2,0.07149170339107513
43,5,14,5,0.058031901717185974
43,5,15,2,0.0717225968837738
43,5,15,5,0.06225540116429329
43,5,16,2,0.07200609892606735
43,5,16,5,0.07100489735603333
43,5,17,2,0.07114870101213455
43,5,17,5,0.07697249948978424
43,5,18,2,0.06788740307092667
43,5,18,5,0.07743199914693832
43,5,19,2,0.06177179887890816
43,5,19,5,0.059783000499010086
43,5,20,2,0.05168820172548294
43,5,20,5,0.04439229890704155
43,5,21,2,0.042865801602602005
43,5,21,5,0.03544579818844795
43,5,22,2,0.03803019970655441
43,5,22,5,0.03182400017976761
43,5,23,2,0.032207198441028595
43,5,23,5,0.024941900745034218
43,5,24,2,0.024567700922489166
43,5,24,5,0.017906799912452698
51,1,1,2,0.021473899483680725
51,1,1,5,0.009862110018730164
51,1,2,2,0.014442799612879753
51,1,2,5,0.006272479891777039
51,1,3,2,0.010968400165438652
51,1,3,5,0.005057670176029205
51,1,4,2,0.007494510151445866
51,1,4,5,0.004666860215365887
51,1,5,2,0.006838549859821796
51,1,5,5,0.00699468981474638
51,1,6,2,0.010358800180256367
51,1,6,5,0.018494000658392906
51,1,7,2,0.018430400639772415
51,1,7,5,0.04595649987459183
51,1,8,2,0.02681170031428337
51,1,8,5,0.06964439898729324
51,1,9,2,0.036385200917720795
51,1,9,5,0.06082789972424507
51,1,10,2,0.04754069820046425
51,1,10,5,0.050286199897527695
51,1,11,2,0.05746639892458916
51,1,11,5,0.049935098737478256
51,1,12,2,0.06507860124111176
51,1,12,5,0.05436540022492409
51,1,13,2,0.07132279872894287
51,1,13,5,0.05764620006084442
51,1,14,2,0.07149170339107513
51,1,14,5,0.058031901717185974
51,1,15,2,0.0717225968837738
51,1,15,5,0.06225540116429329
51,1,16,2,0.07200609892606735
51,1,16,5,0.07100489735603333
51,1,17,2,0.07114870101213455
51,1,17,5,0.07697249948978424
51,1,18,2,0.06788740307092667
51,1,18,5,0.07743199914693832
51,1,19,2,0.06177179887890816
51,1,19,5,0.059783000499010086
51,1,20,2,0.05168820172548294
51,1,20,5,0.04439229890704155
51,1,21,2,0.042865801602602005
51,1,21,5,0.03544579818844795
51,1,22,2,0.03803019970655441
51,1,22,5,0.03182400017976761
51,1,23,2,0.032207198441028595
51,1,23,5,0.024941900745034218
51,1,24,2,0.024567700922489166
51,1,24,5,0.017906799912452698
51,2,1,2,0.016421299427747726
51,2,1,5,0.010774100199341774
51,2,2,2,0.011192100122570992
51,2,2,5,0.007643760181963444
51,2,3,2,0.008541500195860863
51,2,3,5,0.006546409800648689
51,2,4,2,0.006793280132114887
51,2,4,5,0.006634859833866358
51,2,5,2,0.007218940183520317
51,2,5,5,0.00953998975455761
51,2,6,2,0.010761899873614311
51,2,6,5,0.020055100321769714
51,2,7,2,0.017680000513792038
51,2,7,5,0.04102950170636177
51,2,8,2,0.026875099167227745
51,2,8,5,0.057972200214862823
51,2,9,2,0.03865870088338852
51,2,9,5,0.053471099585294724
51,2,10,2,0.05223890021443367
51,2,10,5,0.05254780128598213
51,2,11,2,0.06317389756441116
51,2,11,5,0.055060699582099915
51,2,12,2,0.06994350254535675
51,2,12,5,0.0576740987598896
51,2,13,2,0.072933197021484375
51,2,13,5,0.05914289876818657
51,2,14,2,0.0731218010187149
51,2,14,5,0.060801900923252106
51,2,15,2,0.0736159011721611
51,2,15,5,0.06529849767684937
51,2,16,2,0.07446079701185226
51,2,16,5,0.07260820269584656
51,2,17,2,0.07421649992465973
51,2,17,5,0.07738170027732849
51,2,18,2,0.07000909745693207
51,2,18,5,0.0754816010594368
51,2,19,2,0.061403799802064896
51,2,19,5,0.058705899864435196
51,2,20,2,0.050504300743341446
51,2,20,5,0.043986398726701736
51,2,21,2,0.0412072017788887
51,2,21,5,0.03573089838027954
51,2,22,2,0.03363730013370514
51,2,22,5,0.03074279986321926
51,2,23,2,0.026224300265312195
51,2,23,5,0.02385210059583187
51,2,24,2,0.019166599959135056
51,2,24,5,0.017317699268460274
51,3,1,2,0.016421299427747726
51,3,1,5,0.010774100199341774
51,3,2,2,0.011192100122570992
51,3,2,5,0.007643760181963444
51,3,3,2,0.008541500195860863
51,3,3,5,0.006546409800648689
51,3,4,2,0.006793280132114887
51,3,4,5,0.006634859833866358
51,3,5,2,0.007218940183520317
51,3,5,5,0.00953998975455761
51,3,6,2,0.010761899873614311
51,3,6,5,0.020055100321769714
51,3,7,2,0.017680000513792038
51,3,7,5,0.04102950170636177
51,3,8,2,0.026875099167227745
51,3,8,5,0.057972200214862823
51,3,9,2,0.03865870088338852
51,3,9,5,0.053471099585294724
51,3,10,2,0.05223890021443367
51,3,10,5,0.05254780128598213
51,3,11,2,0.06317389756441116
51,3,11,5,0.055060699582099915
51,3,12,2,0.06994350254535675
51,3,12,5,0.0576740987598896
51,3,13,2,0.072933197021484375
51,3,13,5,0.05914289876818657
51,3,14,2,0.0731218010187149
51,3,14,5,0.060801900923252106
51,3,15,2,0.0736159011721611
51,3,15,5,0.06529849767684937
51,3,16,2,0.07446079701185226
51,3,16,5,0.07260820269584656
51,3,17,2,0.07421649992465973
51,3,17,5,0.07738170027732849
51,3,18,2,0.07000909745693207
51,3,18,5,0.0754816010594368
51,3,19,2,0.061403799802064896
51,3,19,5,0.058705899864435196
51,3,20,2,0.050504300743341446
51,3,20,5,0.043986398726701736
51,3,21,2,0.0412072017788887
51,3,21,5,0.03573089838027954
51,3,22,2,0.03363730013370514
51,3,22,5,0.03074279986321926
51,3,23,2,0.026224300265312195
51,3,23,5,0.02385210059583187
51,3,24,2,0.019166599959135056
51,3,24,5,0.017317699268460274
51,4,1,2,0.021473899483680725
51,4,1,5,0.009862110018730164
51,4,2,2,0.014442799612879753
51,4,2,5,0.006272479891777039
51,4,3,2,0.010968400165438652
51,4,3,5,0.005057670176029205
51,4,4,2,0.007494510151445866
51,4,4,5,0.004666860215365887
51,4,5,2,0.006838549859821796
51,4,5,5,0.00699468981474638
51,4,6,2,0.010358800180256367
51,4,6,5,0.018494000658392906
51,4,7,2,0.018430400639772415
51,4,7,5,0.04595649987459183
51,4,8,2,0.02681170031428337
51,4,8,5,0.06964439898729324
51,4,9,2,0.036385200917720795
51,4,9,5,0.06082789972424507
51,4,10,2,0.04754069820046425
51,4,10,5,0.050286199897527695
51,4,11,2,0.05746639892458916
51,4,11,5,0.049935098737478256
51,4,12,2,0.06507860124111176
51,4,12,5,0.05436540022492409
51,4,13,2,0.07132279872894287
51,4,13,5,0.05764620006084442
51,4,14,2,0.07149170339107513
51,4,14,5,0.058031901717185974
51,4,15,2,0.0717225968837738
51,4,15,5,0.06225540116429329
51,4,16,2,0.07200609892606735
51,4,16,5,0.07100489735603333
51,4,17,2,0.07114870101213455
51,4,17,5,0.07697249948978424
51,4,18,2,0.06788740307092667
51,4,18,5,0.07743199914693832
51,4,19,2,0.06177179887890816
51,4,19,5,0.059783000499010086
51,4,20,2,0.05168820172548294
51,4,20,5,0.04439229890704155
51,4,21,2,0.042865801602602005
51,4,21,5,0.03544579818844795
51,4,22,2,0.03803019970655441
51,4,22,5,0.03182400017976761
51,4,23,2,0.032207198441028595
51,4,23,5,0.024941900745034218
51,4,24,2,0.024567700922489166
51,4,24,5,0.017906799912452698
51,5,1,2,0.021473899483680725
51,5,1,5,0.009862110018730164
51,5,2,2,0.014442799612879753
51,5,2,5,0.006272479891777039
51,5,3,2,0.010968400165438652
51,5,3,5,0.005057670176029205
51,5,4,2,0.007494510151445866
51,5,4,5,0.004666860215365887
51,5,5,2,0.006838549859821796
51,5,5,5,0.00699468981474638
51,5,6,2,0.010358800180256367
51,5,6,5,0.018494000658392906
51,5,7,2,0.018430400639772415
51,5,7,5,0.04595649987459183
51,5,8,2,0.02681170031428337
51,5,8,5,0.06964439898729324
51,5,9,2,0.036385200917720795
51,5,9,5,0.06082789972424507
51,5,10,2,0.04754069820046425
51,5,10,5,0.050286199897527695
51,5,11,2,0.05746639892458916
51,5,11,5,0.049935098737478256
51,5,12,2,0.06507860124111176
51,5,12,5,0.05436540022492409
51,5,13,2,0.07132279872894287
51,5,13,5,0.05764620006084442
51,5,14,2,0.07149170339107513
51,5,14,5,0.058031901717185974
51,5,15,2,0.0717225968837738
51,5,15,5,0.06225540116429329
51,5,16,2,0.07200609892606735
51,5,16,5,0.07100489735603333
51,5,17,2,0.07114870101213455
51,5,17,5,0.07697249948978424
51,5,18,2,0.06788740307092667
51,5,18,5,0.07743199914693832
51,5,19,2,0.06177179887890816
51,5,19,5,0.059783000499010086
51,5,20,2,0.05168820172548294
51,5,20,5,0.04439229890704155
51,5,21,2,0.042865801602602005
51,5,21,5,0.03544579818844795
51,5,22,2,0.03803019970655441
51,5,22,5,0.03182400017976761
51,5,23,2,0.032207198441028595
51,5,23,5,0.024941900745034218
51,5,24,2,0.024567700922489166
51,5,24,5,0.017906799912452698
52,1,1,2,0.021473899483680725
52,1,1,5,0.009862110018730164
52,1,2,2,0.014442799612879753
52,1,2,5,0.006272479891777039
52,1,3,2,0.010968400165438652
52,1,3,5,0.005057670176029205
52,1,4,2,0.007494510151445866
52,1,4,5,0.004666860215365887
52,1,5,2,0.006838549859821796
52,1,5,5,0.00699468981474638
52,1,6,2,0.010358800180256367
52,1,6,5,0.018494000658392906
52,1,7,2,0.018430400639772415
52,1,7,5,0.04595649987459183
52,1,8,2,0.02681170031428337
52,1,8,5,0.06964439898729324
52,1,9,2,0.036385200917720795
52,1,9,5,0.06082789972424507
52,1,10,2,0.04754069820046425
52,1,10,5,0.050286199897527695
52,1,11,2,0.05746639892458916
52,1,11,5,0.049935098737478256
52,1,12,2,0.06507860124111176
52,1,12,5,0.05436540022492409
52,1,13,2,0.07132279872894287
52,1,13,5,0.05764620006084442
52,1,14,2,0.07149170339107513
52,1,14,5,0.058031901717185974
52,1,15,2,0.0717225968837738
52,1,15,5,0.06225540116429329
52,1,16,2,0.07200609892606735
52,1,16,5,0.07100489735603333
52,1,17,2,0.07114870101213455
52,1,17,5,0.07697249948978424
52,1,18,2,0.06788740307092667
52,1,18,5,0.07743199914693832
52,1,19,2,0.06177179887890816
52,1,19,5,0.059783000499010086
52,1,20,2,0.05168820172548294
52,1,20,5,0.04439229890704155
52,1,21,2,0.042865801602602005
52,1,21,5,0.03544579818844795
52,1,22,2,0.03803019970655441
52,1,22,5,0.03182400017976761
52,1,23,2,0.032207198441028595
52,1,23,5,0.024941900745034218
52,1,24,2,0.024567700922489166
52,1,24,5,0.017906799912452698
52,2,1,2,0.016421299427747726
52,2,1,5,0.010774100199341774
52,2,2,2,0.011192100122570992
52,2,2,5,0.007643760181963444
52,2,3,2,0.008541500195860863
52,2,3,5,0.006546409800648689
52,2,4,2,0.006793280132114887
52,2,4,5,0.006634859833866358
52,2,5,2,0.007218940183520317
52,2,5,5,0.00953998975455761
52,2,6,2,0.010761899873614311
52,2,6,5,0.020055100321769714
52,2,7,2,0.017680000513792038
52,2,7,5,0.04102950170636177
52,2,8,2,0.026875099167227745
52,2,8,5,0.057972200214862823
52,2,9,2,0.03865870088338852
52,2,9,5,0.053471099585294724
52,2,10,2,0.05223890021443367
52,2,10,5,0.05254780128598213
52,2,11,2,0.06317389756441116
52,2,11,5,0.055060699582099915
52,2,12,2,0.06994350254535675
52,2,12,5,0.0576740987598896
52,2,13,2,0.072933197021484375
52,2,13,5,0.05914289876818657
52,2,14,2,0.0731218010187149
52,2,14,5,0.060801900923252106
52,2,15,2,0.0736159011721611
52,2,15,5,0.06529849767684937
52,2,16,2,0.07446079701185226
52,2,16,5,0.07260820269584656
52,2,17,2,0.07421649992465973
52,2,17,5,0.07738170027732849
52,2,18,2,0.07000909745693207
52,2,18,5,0.0754816010594368
52,2,19,2,0.061403799802064896
52,2,19,5,0.058705899864435196
52,2,20,2,0.050504300743341446
52,2,20,5,0.043986398726701736
52,2,21,2,0.0412072017788887
52,2,21,5,0.03573089838027954
52,2,22,2,0.03363730013370514
52,2,22,5,0.03074279986321926
52,2,23,2,0.026224300265312195
52,2,23,5,0.02385210059583187
52,2,24,2,0.019166599959135056
52,2,24,5,0.017317699268460274
52,3,1,2,0.016421299427747726
52,3,1,5,0.010774100199341774
52,3,2,2,0.011192100122570992
52,3,2,5,0.007643760181963444
52,3,3,2,0.008541500195860863
52,3,3,5,0.006546409800648689
52,3,4,2,0.006793280132114887
52,3,4,5,0.006634859833866358
52,3,5,2,0.007218940183520317
52,3,5,5,0.00953998975455761
52,3,6,2,0.010761899873614311
52,3,6,5,0.020055100321769714
52,3,7,2,0.017680000513792038
52,3,7,5,0.04102950170636177
52,3,8,2,0.026875099167227745
52,3,8,5,0.057972200214862823
52,3,9,2,0.03865870088338852
52,3,9,5,0.053471099585294724
52,3,10,2,0.05223890021443367
52,3,10,5,0.05254780128598213
52,3,11,2,0.06317389756441116
52,3,11,5,0.055060699582099915
52,3,12,2,0.06994350254535675
52,3,12,5,0.0576740987598896
52,3,13,2,0.072933197021484375
52,3,13,5,0.05914289876818657
52,3,14,2,0.0731218010187149
52,3,14,5,0.060801900923252106
52,3,15,2,0.0736159011721611
52,3,15,5,0.06529849767684937
52,3,16,2,0.07446079701185226
52,3,16,5,0.07260820269584656
52,3,17,2,0.07421649992465973
52,3,17,5,0.07738170027732849
52,3,18,2,0.07000909745693207
52,3,18,5,0.0754816010594368
52,3,19,2,0.061403799802064896
52,3,19,5,0.058705899864435196
52,3,20,2,0.050504300743341446
52,3,20,5,0.043986398726701736
52,3,21,2,0.0412072017788887
52,3,21,5,0.03573089838027954
52,3,22,2,0.03363730013370514
52,3,22,5,0.03074279986321926
52,3,23,2,0.026224300265312195
52,3,23,5,0.02385210059583187
52,3,24,2,0.019166599959135056
52,3,24,5,0.017317699268460274
52,4,1,2,0.021473899483680725
52,4,1,5,0.009862110018730164
52,4,2,2,0.014442799612879753
52,4,2,5,0.006272479891777039
52,4,3,2,0.010968400165438652
52,4,3,5,0.005057670176029205
52,4,4,2,0.007494510151445866
52,4,4,5,0.004666860215365887
52,4,5,2,0.006838549859821796
52,4,5,5,0.00699468981474638
52,4,6,2,0.010358800180256367
52,4,6,5,0.018494000658392906
52,4,7,2,0.018430400639772415
52,4,7,5,0.04595649987459183
52,4,8,2,0.02681170031428337
52,4,8,5,0.06964439898729324
52,4,9,2,0.036385200917720795
52,4,9,5,0.06082789972424507
52,4,10,2,0.04754069820046425
52,4,10,5,0.050286199897527695
52,4,11,2,0.05746639892458916
52,4,11,5,0.049935098737478256
52,4,12,2,0.06507860124111176
52,4,12,5,0.05436540022492409
52,4,13,2,0.07132279872894287
52,4,13,5,0.05764620006084442
52,4,14,2,0.07149170339107513
52,4,14,5,0.058031901717185974
52,4,15,2,0.0717225968837738
52,4,15,5,0.06225540116429329
52,4,16,2,0.07200609892606735
52,4,16,5,0.07100489735603333
52,4,17,2,0.07114870101213455
52,4,17,5,0.07697249948978424
52,4,18,2,0.06788740307092667
52,4,18,5,0.07743199914693832
52,4,19,2,0.06177179887890816
52,4,19,5,0.059783000499010086
52,4,20,2,0.05168820172548294
52,4,20,5,0.04439229890704155
52,4,21,2,0.042865801602602005
52,4,21,5,0.03544579818844795
52,4,22,2,0.03803019970655441
52,4,22,5,0.03182400017976761
52,4,23,2,0.032207198441028595
52,4,23,5,0.024941900745034218
52,4,24,2,0.024567700922489166
52,4,24,5,0.017906799912452698
52,5,1,2,0.021473899483680725
52,5,1,5,0.009862110018730164
52,5,2,2,0.014442799612879753
52,5,2,5,0.006272479891777039
52,5,3,2,0.010968400165438652
52,5,3,5,0.005057670176029205
52,5,4,2,0.007494510151445866
52,5,4,5,0.004666860215365887
52,5,5,2,0.006838549859821796
52,5,5,5,0.00699468981474638
52,5,6,2,0.010358800180256367
52,5,6,5,0.018494000658392906
52,5,7,2,0.018430400639772415
52,5,7,5,0.04595649987459183
52,5,8,2,0.02681170031428337
52,5,8,5,0.06964439898729324
52,5,9,2,0.036385200917720795
52,5,9,5,0.06082789972424507
52,5,10,2,0.04754069820046425
52,5,10,5,0.050286199897527695
52,5,11,2,0.05746639892458916
52,5,11,5,0.049935098737478256
52,5,12,2,0.06507860124111176
52,5,12,5,0.05436540022492409
52,5,13,2,0.07132279872894287
52,5,13,5,0.05764620006084442
52,5,14,2,0.07149170339107513
52,5,14,5,0.058031901717185974
52,5,15,2,0.0717225968837738
52,5,15,5,0.06225540116429329
52,5,16,2,0.07200609892606735
52,5,16,5,0.07100489735603333
52,5,17,2,0.07114870101213455
52,5,17,5,0.07697249948978424
52,5,18,2,0.06788740307092667
52,5,18,5,0.07743199914693832
52,5,19,2,0.06177179887890816
52,5,19,5,0.059783000499010086
52,5,20,2,0.05168820172548294
52,5,20,5,0.04439229890704155
52,5,21,2,0.042865801602602005
52,5,21,5,0.03544579818844795
52,5,22,2,0.03803019970655441
52,5,22,5,0.03182400017976761
52,5,23,2,0.032207198441028595
52,5,23,5,0.024941900745034218
52,5,24,2,0.024567700922489166
52,5,24,5,0.017906799912452698
53,1,1,2,0.021473899483680725
53,1,1,5,0.009862110018730164
53,1,2,2,0.014442799612879753
53,1,2,5,0.006272479891777039
53,1,3,2,0.010968400165438652
53,1,3,5,0.005057670176029205
53,1,4,2,0.007494510151445866
53,1,4,5,0.004666860215365887
53,1,5,2,0.006838549859821796
53,1,5,5,0.00699468981474638
53,1,6,2,0.010358800180256367
53,1,6,5,0.018494000658392906
53,1,7,2,0.018430400639772415
53,1,7,5,0.04595649987459183
53,1,8,2,0.02681170031428337
53,1,8,5,0.06964439898729324
53,1,9,2,0.036385200917720795
53,1,9,5,0.06082789972424507
53,1,10,2,0.04754069820046425
53,1,10,5,0.050286199897527695
53,1,11,2,0.05746639892458916
53,1,11,5,0.049935098737478256
53,1,12,2,0.06507860124111176
53,1,12,5,0.05436540022492409
53,1,13,2,0.07132279872894287
53,1,13,5,0.05764620006084442
53,1,14,2,0.07149170339107513
53,1,14,5,0.058031901717185974
53,1,15,2,0.0717225968837738
53,1,15,5,0.06225540116429329
53,1,16,2,0.07200609892606735
53,1,16,5,0.07100489735603333
53,1,17,2,0.07114870101213455
53,1,17,5,0.07697249948978424
53,1,18,2,0.06788740307092667
53,1,18,5,0.07743199914693832
53,1,19,2,0.06177179887890816
53,1,19,5,0.059783000499010086
53,1,20,2,0.05168820172548294
53,1,20,5,0.04439229890704155
53,1,21,2,0.042865801602602005
53,1,21,5,0.03544579818844795
53,1,22,2,0.03803019970655441
53,1,22,5,0.03182400017976761
53,1,23,2,0.032207198441028595
53,1,23,5,0.024941900745034218
53,1,24,2,0.024567700922489166
53,1,24,5,0.017906799912452698
53,2,1,2,0.016421299427747726
53,2,1,5,0.010774100199341774
53,2,2,2,0.011192100122570992
53,2,2,5,0.007643760181963444
53,2,3,2,0.008541500195860863
53,2,3,5,0.006546409800648689
53,2,4,2,0.006793280132114887
53,2,4,5,0.006634859833866358
53,2,5,2,0.007218940183520317
53,2,5,5,0.00953998975455761
53,2,6,2,0.010761899873614311
53,2,6,5,0.020055100321769714
53,2,7,2,0.017680000513792038
53,2,7,5,0.04102950170636177
53,2,8,2,0.026875099167227745
53,2,8,5,0.057972200214862823
53,2,9,2,0.03865870088338852
53,2,9,5,0.053471099585294724
53,2,10,2,0.05223890021443367
53,2,10,5,0.05254780128598213
53,2,11,2,0.06317389756441116
53,2,11,5,0.055060699582099915
53,2,12,2,0.06994350254535675
53,2,12,5,0.0576740987598896
53,2,13,2,0.072933197021484375
53,2,13,5,0.05914289876818657
53,2,14,2,0.0731218010187149
53,2,14,5,0.060801900923252106
53,2,15,2,0.0736159011721611
53,2,15,5,0.06529849767684937
53,2,16,2,0.07446079701185226
53,2,16,5,0.07260820269584656
53,2,17,2,0.07421649992465973
53,2,17,5,0.07738170027732849
53,2,18,2,0.07000909745693207
53,2,18,5,0.0754816010594368
53,2,19,2,0.061403799802064896
53,2,19,5,0.058705899864435196
53,2,20,2,0.050504300743341446
53,2,20,5,0.043986398726701736
53,2,21,2,0.0412072017788887
53,2,21,5,0.03573089838027954
53,2,22,2,0.03363730013370514
53,2,22,5,0.03074279986321926
53,2,23,2,0.026224300265312195
53,2,23,5,0.02385210059583187
53,2,24,2,0.019166599959135056
53,2,24,5,0.017317699268460274
53,3,1,2,0.016421299427747726
53,3,1,5,0.010774100199341774
53,3,2,2,0.011192100122570992
53,3,2,5,0.007643760181963444
53,3,3,2,0.008541500195860863
53,3,3,5,0.006546409800648689
53,3,4,2,0.006793280132114887
53,3,4,5,0.006634859833866358
53,3,5,2,0.007218940183520317
53,3,5,5,0.00953998975455761
53,3,6,2,0.010761899873614311
53,3,6,5,0.020055100321769714
53,3,7,2,0.017680000513792038
53,3,7,5,0.04102950170636177
53,3,8,2,0.026875099167227745
53,3,8,5,0.057972200214862823
53,3,9,2,0.03865870088338852
53,3,9,5,0.053471099585294724
53,3,10,2,0.05223890021443367
53,3,10,5,0.05254780128598213
53,3,11,2,0.06317389756441116
53,3,11,5,0.055060699582099915
53,3,12,2,0.06994350254535675
53,3,12,5,0.0576740987598896
53,3,13,2,0.072933197021484375
53,3,13,5,0.05914289876818657
53,3,14,2,0.0731218010187149
53,3,14,5,0.060801900923252106
53,3,15,2,0.0736159011721611
53,3,15,5,0.06529849767684937
53,3,16,2,0.07446079701185226
53,3,16,5,0.07260820269584656
53,3,17,2,0.07421649992465973
53,3,17,5,0.07738170027732849
53,3,18,2,0.07000909745693207
53,3,18,5,0.0754816010594368
53,3,19,2,0.061403799802064896
53,3,19,5,0.058705899864435196
53,3,20,2,0.050504300743341446
53,3,20,5,0.043986398726701736
53,3,21,2,0.0412072017788887
53,3,21,5,0.03573089838027954
53,3,22,2,0.03363730013370514
53,3,22,5,0.03074279986321926
53,3,23,2,0.026224300265312195
53,3,23,5,0.02385210059583187
53,3,24,2,0.019166599959135056
53,3,24,5,0.017317699268460274
53,4,1,2,0.021473899483680725
53,4,1,5,0.009862110018730164
53,4,2,2,0.014442799612879753
53,4,2,5,0.006272479891777039
53,4,3,2,0.010968400165438652
53,4,3,5,0.005057670176029205
53,4,4,2,0.007494510151445866
53,4,4,5,0.004666860215365887
53,4,5,2,0.006838549859821796
53,4,5,5,0.00699468981474638
53,4,6,2,0.010358800180256367
53,4,6,5,0.018494000658392906
53,4,7,2,0.018430400639772415
53,4,7,5,0.04595649987459183
53,4,8,2,0.02681170031428337
53,4,8,5,0.06964439898729324
53,4,9,2,0.036385200917720795
53,4,9,5,0.06082789972424507
53,4,10,2,0.04754069820046425
53,4,10,5,0.050286199897527695
53,4,11,2,0.05746639892458916
53,4,11,5,0.049935098737478256
53,4,12,2,0.06507860124111176
53,4,12,5,0.05436540022492409
53,4,13,2,0.07132279872894287
53,4,13,5,0.05764620006084442
53,4,14,2,0.07149170339107513
53,4,14,5,0.058031901717185974
53,4,15,2,0.0717225968837738
53,4,15,5,0.06225540116429329
53,4,16,2,0.07200609892606735
53,4,16,5,0.07100489735603333
53,4,17,2,0.07114870101213455
53,4,17,5,0.07697249948978424
53,4,18,2,0.06788740307092667
53,4,18,5,0.07743199914693832
53,4,19,2,0.06177179887890816
53,4,19,5,0.059783000499010086
53,4,20,2,0.05168820172548294
53,4,20,5,0.04439229890704155
53,4,21,2,0.042865801602602005
53,4,21,5,0.03544579818844795
53,4,22,2,0.03803019970655441
53,4,22,5,0.03182400017976761
53,4,23,2,0.032207198441028595
53,4,23,5,0.024941900745034218
53,4,24,2,0.024567700922489166
53,4,24,5,0.017906799912452698
53,5,1,2,0.021473899483680725
53,5,1,5,0.009862110018730164
53,5,2,2,0.014442799612879753
53,5,2,5,0.006272479891777039
53,5,3,2,0.010968400165438652
53,5,3,5,0.005057670176029205
53,5,4,2,0.007494510151445866
53,5,4,5,0.004666860215365887
53,5,5,2,0.006838549859821796
53,5,5,5,0.00699468981474638
53,5,6,2,0.010358800180256367
53,5,6,5,0.018494000658392906
53,5,7,2,0.018430400639772415
53,5,7,5,0.04595649987459183
53,5,8,2,0.02681170031428337
53,5,8,5,0.06964439898729324
53,5,9,2,0.036385200917720795
53,5,9,5,0.06082789972424507
53,5,10,2,0.04754069820046425
53,5,10,5,0.050286199897527695
53,5,11,2,0.05746639892458916
53,5,11,5,0.049935098737478256
53,5,12,2,0.06507860124111176
53,5,12,5,0.05436540022492409
53,5,13,2,0.07132279872894287
53,5,13,5,0.05764620006084442
53,5,14,2,0.07149170339107513
53,5,14,5,0.058031901717185974
53,5,15,2,0.0717225968837738
53,5,15,5,0.06225540116429329
53,5,16,2,0.07200609892606735
53,5,16,5,0.07100489735603333
53,5,17,2,0.07114870101213455
53,5,17,5,0.07697249948978424
53,5,18,2,0.06788740307092667
53,5,18,5,0.07743199914693832
53,5,19,2,0.06177179887890816
53,5,19,5,0.059783000499010086
53,5,20,2,0.05168820172548294
53,5,20,5,0.04439229890704155
53,5,21,2,0.042865801602602005
53,5,21,5,0.03544579818844795
53,5,22,2,0.03803019970655441
53,5,22,5,0.03182400017976761
53,5,23,2,0.032207198441028595
53,5,23,5,0.024941900745034218
53,5,24,2,0.024567700922489166
53,5,24,5,0.017906799912452698
54,1,1,2,0.021473899483680725
54,1,1,5,0.009862110018730164
54,1,2,2,0.014442799612879753
54,1,2,5,0.006272479891777039
54,1,3,2,0.010968400165438652
54,1,3,5,0.005057670176029205
54,1,4,2,0.007494510151445866
54,1,4,5,0.004666860215365887
54,1,5,2,0.006838549859821796
54,1,5,5,0.00699468981474638
54,1,6,2,0.010358800180256367
54,1,6,5,0.018494000658392906
54,1,7,2,0.018430400639772415
54,1,7,5,0.04595649987459183
54,1,8,2,0.02681170031428337
54,1,8,5,0.06964439898729324
54,1,9,2,0.036385200917720795
54,1,9,5,0.06082789972424507
54,1,10,2,0.04754069820046425
54,1,10,5,0.050286199897527695
54,1,11,2,0.05746639892458916
54,1,11,5,0.049935098737478256
54,1,12,2,0.06507860124111176
54,1,12,5,0.05436540022492409
54,1,13,2,0.07132279872894287
54,1,13,5,0.05764620006084442
54,1,14,2,0.07149170339107513
54,1,14,5,0.058031901717185974
54,1,15,2,0.0717225968837738
54,1,15,5,0.06225540116429329
54,1,16,2,0.07200609892606735
54,1,16,5,0.07100489735603333
54,1,17,2,0.07114870101213455
54,1,17,5,0.07697249948978424
54,1,18,2,0.06788740307092667
54,1,18,5,0.07743199914693832
54,1,19,2,0.06177179887890816
54,1,19,5,0.059783000499010086
54,1,20,2,0.05168820172548294
54,1,20,5,0.04439229890704155
54,1,21,2,0.042865801602602005
54,1,21,5,0.03544579818844795
54,1,22,2,0.03803019970655441
54,1,22,5,0.03182400017976761
54,1,23,2,0.032207198441028595
54,1,23,5,0.024941900745034218
54,1,24,2,0.024567700922489166
54,1,24,5,0.017906799912452698
54,2,1,2,0.016421299427747726
54,2,1,5,0.010774100199341774
54,2,2,2,0.011192100122570992
54,2,2,5,0.007643760181963444
54,2,3,2,0.008541500195860863
54,2,3,5,0.006546409800648689
54,2,4,2,0.006793280132114887
54,2,4,5,0.006634859833866358
54,2,5,2,0.007218940183520317
54,2,5,5,0.00953998975455761
54,2,6,2,0.010761899873614311
54,2,6,5,0.020055100321769714
54,2,7,2,0.017680000513792038
54,2,7,5,0.04102950170636177
54,2,8,2,0.026875099167227745
54,2,8,5,0.057972200214862823
54,2,9,2,0.03865870088338852
54,2,9,5,0.053471099585294724
54,2,10,2,0.05223890021443367
54,2,10,5,0.05254780128598213
54,2,11,2,0.06317389756441116
54,2,11,5,0.055060699582099915
54,2,12,2,0.06994350254535675
54,2,12,5,0.0576740987598896
54,2,13,2,0.072933197021484375
54,2,13,5,0.05914289876818657
54,2,14,2,0.0731218010187149
54,2,14,5,0.060801900923252106
54,2,15,2,0.0736159011721611
54,2,15,5,0.06529849767684937
54,2,16,2,0.07446079701185226
54,2,16,5,0.07260820269584656
54,2,17,2,0.07421649992465973
54,2,17,5,0.07738170027732849
54,2,18,2,0.07000909745693207
54,2,18,5,0.0754816010594368
54,2,19,2,0.061403799802064896
54,2,19,5,0.058705899864435196
54,2,20,2,0.050504300743341446
54,2,20,5,0.043986398726701736
54,2,21,2,0.0412072017788887
54,2,21,5,0.03573089838027954
54,2,22,2,0.03363730013370514
54,2,22,5,0.03074279986321926
54,2,23,2,0.026224300265312195
54,2,23,5,0.02385210059583187
54,2,24,2,0.019166599959135056
54,2,24,5,0.017317699268460274
54,3,1,2,0.016421299427747726
54,3,1,5,0.010774100199341774
54,3,2,2,0.011192100122570992
54,3,2,5,0.007643760181963444
54,3,3,2,0.008541500195860863
54,3,3,5,0.006546409800648689
54,3,4,2,0.006793280132114887
54,3,4,5,0.006634859833866358
54,3,5,2,0.007218940183520317
54,3,5,5,0.00953998975455761
54,3,6,2,0.010761899873614311
54,3,6,5,0.020055100321769714
54,3,7,2,0.017680000513792038
54,3,7,5,0.04102950170636177
54,3,8,2,0.026875099167227745
54,3,8,5,0.057972200214862823
54,3,9,2,0.03865870088338852
54,3,9,5,0.053471099585294724
54,3,10,2,0.05223890021443367
54,3,10,5,0.05254780128598213
54,3,11,2,0.06317389756441116
54,3,11,5,0.055060699582099915
54,3,12,2,0.06994350254535675
54,3,12,5,0.0576740987598896
54,3,13,2,0.072933197021484375
54,3,13,5,0.05914289876818657
54,3,14,2,0.0731218010187149
54,3,14,5,0.060801900923252106
54,3,15,2,0.0736159011721611
54,3,15,5,0.06529849767684937
54,3,16,2,0.07446079701185226
54,3,16,5,0.07260820269584656
54,3,17,2,0.07421649992465973
54,3,17,5,0.07738170027732849
54,3,18,2,0.07000909745693207
54,3,18,5,0.0754816010594368
54,3,19,2,0.061403799802064896
54,3,19,5,0.058705899864435196
54,3,20,2,0.050504300743341446
54,3,20,5,0.043986398726701736
54,3,21,2,0.0412072017788887
54,3,21,5,0.03573089838027954
54,3,22,2,0.03363730013370514
54,3,22,5,0.03074279986321926
54,3,23,2,0.026224300265312195
54,3,23,5,0.02385210059583187
54,3,24,2,0.019166599959135056
54,3,24,5,0.017317699268460274
54,4,1,2,0.021473899483680725
54,4,1,5,0.009862110018730164
54,4,2,2,0.014442799612879753
54,4,2,5,0.006272479891777039
54,4,3,2,0.010968400165438652
54,4,3,5,0.005057670176029205
54,4,4,2,0.007494510151445866
54,4,4,5,0.004666860215365887
54,4,5,2,0.006838549859821796
54,4,5,5,0.00699468981474638
54,4,6,2,0.010358800180256367
54,4,6,5,0.018494000658392906
54,4,7,2,0.018430400639772415
54,4,7,5,0.04595649987459183
54,4,8,2,0.02681170031428337
54,4,8,5,0.06964439898729324
54,4,9,2,0.036385200917720795
54,4,9,5,0.06082789972424507
54,4,10,2,0.04754069820046425
54,4,10,5,0.050286199897527695
54,4,11,2,0.05746639892458916
54,4,11,5,0.049935098737478256
54,4,12,2,0.06507860124111176
54,4,12,5,0.05436540022492409
54,4,13,2,0.07132279872894287
54,4,13,5,0.05764620006084442
54,4,14,2,0.07149170339107513
54,4,14,5,0.058031901717185974
54,4,15,2,0.0717225968837738
54,4,15,5,0.06225540116429329
54,4,16,2,0.07200609892606735
54,4,16,5,0.07100489735603333
54,4,17,2,0.07114870101213455
54,4,17,5,0.07697249948978424
54,4,18,2,0.06788740307092667
54,4,18,5,0.07743199914693832
54,4,19,2,0.06177179887890816
54,4,19,5,0.059783000499010086
54,4,20,2,0.05168820172548294
54,4,20,5,0.04439229890704155
54,4,21,2,0.042865801602602005
54,4,21,5,0.03544579818844795
54,4,22,2,0.03803019970655441
54,4,22,5,0.03182400017976761
54,4,23,2,0.032207198441028595
54,4,23,5,0.024941900745034218
54,4,24,2,0.024567700922489166
54,4,24,5,0.017906799912452698
54,5,1,2,0.021473899483680725
54,5,1,5,0.009862110018730164
54,5,2,2,0.014442799612879753
54,5,2,5,0.006272479891777039
54,5,3,2,0.010968400165438652
54,5,3,5,0.005057670176029205
54,5,4,2,0.007494510151445866
54,5,4,5,0.004666860215365887
54,5,5,2,0.006838549859821796
54,5,5,5,0.00699468981474638
54,5,6,2,0.010358800180256367
54,5,6,5,0.018494000658392906
54,5,7,2,0.018430400639772415
54,5,7,5,0.04595649987459183
54,5,8,2,0.02681170031428337
54,5,8,5,0.06964439898729324
54,5,9,2,0.036385200917720795
54,5,9,5,0.06082789972424507
54,5,10,2,0.04754069820046425
54,5,10,5,0.050286199897527695
54,5,11,2,0.05746639892458916
54,5,11,5,0.049935098737478256
54,5,12,2,0.06507860124111176
54,5,12,5,0.05436540022492409
54,5,13,2,0.07132279872894287
54,5,13,5,0.05764620006084442
54,5,14,2,0.07149170339107513
54,5,14,5,0.058031901717185974
54,5,15,2,0.0717225968837738
54,5,15,5,0.06225540116429329
54,5,16,2,0.07200609892606735
54,5,16,5,0.07100489735603333
54,5,17,2,0.07114870101213455
54,5,17,5,0.07697249948978424
54,5,18,2,0.06788740307092667
54,5,18,5,0.07743199914693832
54,5,19,2,0.06177179887890816
54,5,19,5,0.059783000499010086
54,5,20,2,0.05168820172548294
54,5,20,5,0.04439229890704155
54,5,21,2,0.042865801602602005
54,5,21,5,0.03544579818844795
54,5,22,2,0.03803019970655441
54,5,22,5,0.03182400017976761
54,5,23,2,0.032207198441028595
54,5,23,5,0.024941900745034218
54,5,24,2,0.024567700922489166
54,5,24,5,0.017906799912452698
61,1,1,2,0.021473899483680725
61,1,1,5,0.009862110018730164
61,1,2,2,0.014442799612879753
61,1,2,5,0.006272479891777039
61,1,3,2,0.010968400165438652
61,1,3,5,0.005057670176029205
61,1,4,2,0.007494510151445866
61,1,4,5,0.004666860215365887
61,1,5,2,0.006838549859821796
61,1,5,5,0.00699468981474638
61,1,6,2,0.010358800180256367
61,1,6,5,0.018494000658392906
61,1,7,2,0.018430400639772415
61,1,7,5,0.04595649987459183
61,1,8,2,0.02681170031428337
61,1,8,5,0.06964439898729324
61,1,9,2,0.036385200917720795
61,1,9,5,0.06082789972424507
61,1,10,2,0.04754069820046425
61,1,10,5,0.050286199897527695
61,1,11,2,0.05746639892458916
61,1,11,5,0.049935098737478256
61,1,12,2,0.06507860124111176
61,1,12,5,0.05436540022492409
61,1,13,2,0.07132279872894287
61,1,13,5,0.05764620006084442
61,1,14,2,0.07149170339107513
61,1,14,5,0.058031901717185974
61,1,15,2,0.0717225968837738
61,1,15,5,0.06225540116429329
61,1,16,2,0.07200609892606735
61,1,16,5,0.07100489735603333
61,1,17,2,0.07114870101213455
61,1,17,5,0.07697249948978424
61,1,18,2,0.06788740307092667
61,1,18,5,0.07743199914693832
61,1,19,2,0.06177179887890816
61,1,19,5,0.059783000499010086
61,1,20,2,0.05168820172548294
61,1,20,5,0.04439229890704155
61,1,21,2,0.042865801602602005
61,1,21,5,0.03544579818844795
61,1,22,2,0.03803019970655441
61,1,22,5,0.03182400017976761
61,1,23,2,0.032207198441028595
61,1,23,5,0.024941900745034218
61,1,24,2,0.024567700922489166
61,1,24,5,0.017906799912452698
61,2,1,2,0.016421299427747726
61,2,1,5,0.010774100199341774
61,2,2,2,0.011192100122570992
61,2,2,5,0.007643760181963444
61,2,3,2,0.008541500195860863
61,2,3,5,0.006546409800648689
61,2,4,2,0.006793280132114887
61,2,4,5,0.006634859833866358
61,2,5,2,0.007218940183520317
61,2,5,5,0.00953998975455761
61,2,6,2,0.010761899873614311
61,2,6,5,0.020055100321769714
61,2,7,2,0.017680000513792038
61,2,7,5,0.04102950170636177
61,2,8,2,0.026875099167227745
61,2,8,5,0.057972200214862823
61,2,9,2,0.03865870088338852
61,2,9,5,0.053471099585294724
61,2,10,2,0.05223890021443367
61,2,10,5,0.05254780128598213
61,2,11,2,0.06317389756441116
61,2,11,5,0.055060699582099915
61,2,12,2,0.06994350254535675
61,2,12,5,0.0576740987598896
61,2,13,2,0.072933197021484375
61,2,13,5,0.05914289876818657
61,2,14,2,0.0731218010187149
61,2,14,5,0.060801900923252106
61,2,15,2,0.0736159011721611
61,2,15,5,0.06529849767684937
61,2,16,2,0.07446079701185226
61,2,16,5,0.07260820269584656
61,2,17,2,0.07421649992465973
61,2,17,5,0.07738170027732849
61,2,18,2,0.07000909745693207
61,2,18,5,0.0754816010594368
61,2,19,2,0.061403799802064896
61,2,19,5,0.058705899864435196
61,2,20,2,0.050504300743341446
61,2,20,5,0.043986398726701736
61,2,21,2,0.0412072017788887
61,2,21,5,0.03573089838027954
61,2,22,2,0.03363730013370514
61,2,22,5,0.03074279986321926
61,2,23,2,0.026224300265312195
61,2,23,5,0.02385210059583187
61,2,24,2,0.019166599959135056
61,2,24,5,0.017317699268460274
61,3,1,2,0.016421299427747726
61,3,1,5,0.010774100199341774
61,3,2,2,0.011192100122570992
61,3,2,5,0.007643760181963444
61,3,3,2,0.008541500195860863
61,3,3,5,0.006546409800648689
61,3,4,2,0.006793280132114887
61,3,4,5,0.006634859833866358
61,3,5,2,0.007218940183520317
61,3,5,5,0.00953998975455761
61,3,6,2,0.010761899873614311
61,3,6,5,0.020055100321769714
61,3,7,2,0.017680000513792038
61,3,7,5,0.04102950170636177
61,3,8,2,0.026875099167227745
61,3,8,5,0.057972200214862823
61,3,9,2,0.03865870088338852
61,3,9,5,0.053471099585294724
61,3,10,2,0.05223890021443367
61,3,10,5,0.05254780128598213
61,3,11,2,0.06317389756441116
61,3,11,5,0.055060699582099915
61,3,12,2,0.06994350254535675
61,3,12,5,0.0576740987598896
61,3,13,2,0.072933197021484375
61,3,13,5,0.05914289876818657
61,3,14,2,0.0731218010187149
61,3,14,5,0.060801900923252106
61,3,15,2,0.0736159011721611
61,3,15,5,0.06529849767684937
61,3,16,2,0.07446079701185226
61,3,16,5,0.07260820269584656
61,3,17,2,0.07421649992465973
61,3,17,5,0.07738170027732849
61,3,18,2,0.07000909745693207
61,3,18,5,0.0754816010594368
61,3,19,2,0.061403799802064896
61,3,19,5,0.058705899864435196
61,3,20,2,0.050504300743341446
61,3,20,5,0.043986398726701736
61,3,21,2,0.0412072017788887
61,3,21,5,0.03573089838027954
61,3,22,2,0.03363730013370514
61,3,22,5,0.03074279986321926
61,3,23,2,0.026224300265312195
61,3,23,5,0.02385210059583187
61,3,24,2,0.019166599959135056
61,3,24,5,0.017317699268460274
61,4,1,2,0.021473899483680725
61,4,1,5,0.009862110018730164
61,4,2,2,0.014442799612879753
61,4,2,5,0.006272479891777039
61,4,3,2,0.010968400165438652
61,4,3,5,0.005057670176029205
61,4,4,2,0.007494510151445866
61,4,4,5,0.004666860215365887
61,4,5,2,0.006838549859821796
61,4,5,5,0.00699468981474638
61,4,6,2,0.010358800180256367
61,4,6,5,0.018494000658392906
61,4,7,2,0.018430400639772415
61,4,7,5,0.04595649987459183
61,4,8,2,0.02681170031428337
61,4,8,5,0.06964439898729324
61,4,9,2,0.036385200917720795
61,4,9,5,0.06082789972424507
61,4,10,2,0.04754069820046425
61,4,10,5,0.050286199897527695
61,4,11,2,0.05746639892458916
61,4,11,5,0.049935098737478256
61,4,12,2,0.06507860124111176
61,4,12,5,0.05436540022492409
61,4,13,2,0.07132279872894287
61,4,13,5,0.05764620006084442
61,4,14,2,0.07149170339107513
61,4,14,5,0.058031901717185974
61,4,15,2,0.0717225968837738
61,4,15,5,0.06225540116429329
61,4,16,2,0.07200609892606735
61,4,16,5,0.07100489735603333
61,4,17,2,0.07114870101213455
61,4,17,5,0.07697249948978424
61,4,18,2,0.06788740307092667
61,4,18,5,0.07743199914693832
61,4,19,2,0.06177179887890816
61,4,19,5,0.059783000499010086
61,4,20,2,0.05168820172548294
61,4,20,5,0.04439229890704155
61,4,21,2,0.042865801602602005
61,4,21,5,0.03544579818844795
61,4,22,2,0.03803019970655441
61,4,22,5,0.03182400017976761
61,4,23,2,0.032207198441028595
61,4,23,5,0.024941900745034218
61,4,24,2,0.024567700922489166
61,4,24,5,0.017906799912452698
61,5,1,2,0.021473899483680725
61,5,1,5,0.009862110018730164
61,5,2,2,0.014442799612879753
61,5,2,5,0.006272479891777039
61,5,3,2,0.010968400165438652
61,5,3,5,0.005057670176029205
61,5,4,2,0.007494510151445866
61,5,4,5,0.004666860215365887
61,5,5,2,0.006838549859821796
61,5,5,5,0.00699468981474638
61,5,6,2,0.010358800180256367
61,5,6,5,0.018494000658392906
61,5,7,2,0.018430400639772415
61,5,7,5,0.04595649987459183
61,5,8,2,0.02681170031428337
61,5,8,5,0.06964439898729324
61,5,9,2,0.036385200917720795
61,5,9,5,0.06082789972424507
61,5,10,2,0.04754069820046425
61,5,10,5,0.050286199897527695
61,5,11,2,0.05746639892458916
61,5,11,5,0.049935098737478256
61,5,12,2,0.06507860124111176
61,5,12,5,0.05436540022492409
61,5,13,2,0.07132279872894287
61,5,13,5,0.05764620006084442
61,5,14,2,0.07149170339107513
61,5,14,5,0.058031901717185974
61,5,15,2,0.0717225968837738
61,5,15,5,0.06225540116429329
61,5,16,2,0.07200609892606735
61,5,16,5,0.07100489735603333
61,5,17,2,0.07114870101213455
61,5,17,5,0.07697249948978424
61,5,18,2,0.06788740307092667
61,5,18,5,0.07743199914693832
61,5,19,2,0.06177179887890816
61,5,19,5,0.059783000499010086
61,5,20,2,0.05168820172548294
61,5,20,5,0.04439229890704155
61,5,21,2,0.042865801602602005
61,5,21,5,0.03544579818844795
61,5,22,2,0.03803019970655441
61,5,22,5,0.03182400017976761
61,5,23,2,0.032207198441028595
61,5,23,5,0.024941900745034218
61,5,24,2,0.024567700922489166
61,5,24,5,0.017906799912452698
62,1,1,2,0.021473899483680725
62,1,1,5,0.009862110018730164
62,1,2,2,0.014442799612879753
62,1,2,5,0.006272479891777039
62,1,3,2,0.010968400165438652
62,1,3,5,0.005057670176029205
62,1,4,2,0.007494510151445866
62,1,4,5,0.004666860215365887
62,1,5,2,0.006838549859821796
62,1,5,5,0.00699468981474638
62,1,6,2,0.010358800180256367
62,1,6,5,0.018494000658392906
62,1,7,2,0.018430400639772415
62,1,7,5,0.04595649987459183
62,1,8,2,0.02681170031428337
62,1,8,5,0.06964439898729324
62,1,9,2,0.036385200917720795
62,1,9,5,0.06082789972424507
62,1,10,2,0.04754069820046425
62,1,10,5,0.050286199897527695
62,1,11,2,0.05746639892458916
62,1,11,5,0.049935098737478256
62,1,12,2,0.06507860124111176
62,1,12,5,0.05436540022492409
62,1,13,2,0.07132279872894287
62,1,13,5,0.05764620006084442
62,1,14,2,0.07149170339107513
62,1,14,5,0.058031901717185974
62,1,15,2,0.0717225968837738
62,1,15,5,0.06225540116429329
62,1,16,2,0.07200609892606735
62,1,16,5,0.07100489735603333
62,1,17,2,0.07114870101213455
62,1,17,5,0.07697249948978424
62,1,18,2,0.06788740307092667
62,1,18,5,0.07743199914693832
62,1,19,2,0.06177179887890816
62,1,19,5,0.059783000499010086
62,1,20,2,0.05168820172548294
62,1,20,5,0.04439229890704155
62,1,21,2,0.042865801602602005
62,1,21,5,0.03544579818844795
62,1,22,2,0.03803019970655441
62,1,22,5,0.03182400017976761
62,1,23,2,0.032207198441028595
62,1,23,5,0.024941900745034218
62,1,24,2,0.024567700922489166
62,1,24,5,0.017906799912452698
62,2,1,2,0.016421299427747726
62,2,1,5,0.010774100199341774
62,2,2,2,0.011192100122570992
62,2,2,5,0.007643760181963444
62,2,3,2,0.008541500195860863
62,2,3,5,0.006546409800648689
62,2,4,2,0.006793280132114887
62,2,4,5,0.006634859833866358
62,2,5,2,0.007218940183520317
62,2,5,5,0.00953998975455761
62,2,6,2,0.010761899873614311
62,2,6,5,0.020055100321769714
62,2,7,2,0.017680000513792038
62,2,7,5,0.04102950170636177
62,2,8,2,0.026875099167227745
62,2,8,5,0.057972200214862823
62,2,9,2,0.03865870088338852
62,2,9,5,0.053471099585294724
62,2,10,2,0.05223890021443367
62,2,10,5,0.05254780128598213
62,2,11,2,0.06317389756441116
62,2,11,5,0.055060699582099915
62,2,12,2,0.06994350254535675
62,2,12,5,0.0576740987598896
62,2,13,2,0.072933197021484375
62,2,13,5,0.05914289876818657
62,2,14,2,0.0731218010187149
62,2,14,5,0.060801900923252106
62,2,15,2,0.0736159011721611
62,2,15,5,0.06529849767684937
62,2,16,2,0.07446079701185226
62,2,16,5,0.07260820269584656
62,2,17,2,0.07421649992465973
62,2,17,5,0.07738170027732849
62,2,18,2,0.07000909745693207
62,2,18,5,0.0754816010594368
62,2,19,2,0.061403799802064896
62,2,19,5,0.058705899864435196
62,2,20,2,0.050504300743341446
62,2,20,5,0.043986398726701736
62,2,21,2,0.0412072017788887
62,2,21,5,0.03573089838027954
62,2,22,2,0.03363730013370514
62,2,22,5,0.03074279986321926
62,2,23,2,0.026224300265312195
62,2,23,5,0.02385210059583187
62,2,24,2,0.019166599959135056
62,2,24,5,0.017317699268460274
62,3,1,2,0.016421299427747726
62,3,1,5,0.010774100199341774
62,3,2,2,0.011192100122570992
62,3,2,5,0.007643760181963444
62,3,3,2,0.008541500195860863
62,3,3,5,0.006546409800648689
62,3,4,2,0.006793280132114887
62,3,4,5,0.006634859833866358
62,3,5,2,0.007218940183520317
62,3,5,5,0.00953998975455761
62,3,6,2,0.010761899873614311
62,3,6,5,0.020055100321769714
62,3,7,2,0.017680000513792038
62,3,7,5,0.04102950170636177
62,3,8,2,0.026875099167227745
62,3,8,5,0.057972200214862823
62,3,9,2,0.03865870088338852
62,3,9,5,0.053471099585294724
62,3,10,2,0.05223890021443367
62,3,10,5,0.05254780128598213
62,3,11,2,0.06317389756441116
62,3,11,5,0.055060699582099915
62,3,12,2,0.06994350254535675
62,3,12,5,0.0576740987598896
62,3,13,2,0.072933197021484375
62,3,13,5,0.05914289876818657
62,3,14,2,0.0731218010187149
62,3,14,5,0.060801900923252106
62,3,15,2,0.0736159011721611
62,3,15,5,0.06529849767684937
62,3,16,2,0.07446079701185226
62,3,16,5,0.07260820269584656
62,3,17,2,0.07421649992465973
62,3,17,5,0.07738170027732849
62,3,18,2,0.07000909745693207
62,3,18,5,0.0754816010594368
62,3,19,2,0.061403799802064896
62,3,19,5,0.058705899864435196
62,3,20,2,0.050504300743341446
62,3,20,5,0.043986398726701736
62,3,21,2,0.0412072017788887
62,3,21,5,0.03573089838027954
62,3,22,2,0.03363730013370514
62,3,22,5,0.03074279986321926
62,3,23,2,0.026224300265312195
62,3,23,5,0.02385210059583187
62,3,24,2,0.019166599959135056
62,3,24,5,0.017317699268460274
62,4,1,2,0.021473899483680725
62,4,1,5,0.009862110018730164
62,4,2,2,0.014442799612879753
62,4,2,5,0.006272479891777039
62,4,3,2,0.010968400165438652
62,4,3,5,0.005057670176029205
62,4,4,2,0.007494510151445866
62,4,4,5,0.004666860215365887
62,4,5,2,0.006838549859821796
62,4,5,5,0.00699468981474638
62,4,6,2,0.010358800180256367
62,4,6,5,0.018494000658392906
62,4,7,2,0.018430400639772415
62,4,7,5,0.04595649987459183
62,4,8,2,0.02681170031428337
62,4,8,5,0.06964439898729324
62,4,9,2,0.036385200917720795
62,4,9,5,0.06082789972424507
62,4,10,2,0.04754069820046425
62,4,10,5,0.050286199897527695
62,4,11,2,0.05746639892458916
62,4,11,5,0.049935098737478256
62,4,12,2,0.06507860124111176
62,4,12,5,0.05436540022492409
62,4,13,2,0.07132279872894287
62,4,13,5,0.05764620006084442
62,4,14,2,0.07149170339107513
62,4,14,5,0.058031901717185974
62,4,15,2,0.0717225968837738
62,4,15,5,0.06225540116429329
62,4,16,2,0.07200609892606735
62,4,16,5,0.07100489735603333
62,4,17,2,0.07114870101213455
62,4,17,5,0.07697249948978424
62,4,18,2,0.06788740307092667
62,4,18,5,0.07743199914693832
62,4,19,2,0.06177179887890816
62,4,19,5,0.059783000499010086
62,4,20,2,0.05168820172548294
62,4,20,5,0.04439229890704155
62,4,21,2,0.042865801602602005
62,4,21,5,0.03544579818844795
62,4,22,2,0.03803019970655441
62,4,22,5,0.03182400017976761
62,4,23,2,0.032207198441028595
62,4,23,5,0.024941900745034218
62,4,24,2,0.024567700922489166
62,4,24,5,0.017906799912452698
62,5,1,2,0.021473899483680725
62,5,1,5,0.009862110018730164
62,5,2,2,0.014442799612879753
62,5,2,5,0.006272479891777039
62,5,3,2,0.010968400165438652
62,5,3,5,0.005057670176029205
62,5,4,2,0.007494510151445866
62,5,4,5,0.004666860215365887
62,5,5,2,0.006838549859821796
62,5,5,5,0.00699468981474638
62,5,6,2,0.010358800180256367
62,5,6,5,0.018494000658392906
62,5,7,2,0.018430400639772415
62,5,7,5,0.04595649987459183
62,5,8,2,0.02681170031428337
62,5,8,5,0.06964439898729324
62,5,9,2,0.036385200917720795
62,5,9,5,0.06082789972424507
62,5,10,2,0.04754069820046425
62,5,10,5,0.050286199897527695
62,5,11,2,0.05746639892458916
62,5,11,5,0.049935098737478256
62,5,12,2,0.06507860124111176
62,5,12,5,0.05436540022492409
62,5,13,2,0.07132279872894287
62,5,13,5,0.05764620006084442
62,5,14,2,0.07149170339107513
62,5,14,5,0.058031901717185974
62,5,15,2,0.0717225968837738
62,5,15,5,0.06225540116429329
62,5,16,2,0.07200609892606735
62,5,16,5,0.07100489735603333
62,5,17,2,0.07114870101213455
62,5,17,5,0.07697249948978424
62,5,18,2,0.06788740307092667
62,5,18,5,0.07743199914693832
62,5,19,2,0.06177179887890816
62,5,19,5,0.059783000499010086
62,5,20,2,0.05168820172548294
62,5,20,5,0.04439229890704155
62,5,21,2,0.042865801602602005
62,5,21,5,0.03544579818844795
62,5,22,2,0.03803019970655441
62,5,22,5,0.03182400017976761
62,5,23,2,0.032207198441028595
62,5,23,5,0.024941900745034218
62,5,24,2,0.024567700922489166
62,5,24,5,0.017906799912452698
