sourceTypeID,roadTypeID,dayID,hourID,hourVMTFraction
11,1,2,1,0.0214739
11,1,2,2,0.0144428
11,1,2,3,0.0109684
11,1,2,4,0.00749451
11,1,2,5,0.00683855
11,1,2,6,0.0103588
11,1,2,7,0.0184304
11,1,2,8,0.0268117
11,1,2,9,0.0363852
11,1,2,10,0.0475407
11,1,2,11,0.0574664
11,1,2,12,0.0650786
11,1,2,13,0.0713228
11,1,2,14,0.0714917
11,1,2,15,0.0717226
11,1,2,16,0.0720061
11,1,2,17,0.0711487
11,1,2,18,0.0678874
11,1,2,19,0.0617718
11,1,2,20,0.0516882
11,1,2,21,0.0428658
11,1,2,22,0.0380302
11,1,2,23,0.0322072
11,1,2,24,0.0245677
11,1,5,1,0.00986211
11,1,5,2,0.00627248
11,1,5,3,0.00505767
11,1,5,4,0.00466686
11,1,5,5,0.00699469
11,1,5,6,0.018494
11,1,5,7,0.0459565
11,1,5,8,0.0696444
11,1,5,9,0.0608279
11,1,5,10,0.0502862
11,1,5,11,0.0499351
11,1,5,12,0.0543654
11,1,5,13,0.0576462
11,1,5,14,0.0580319
11,1,5,15,0.0622554
11,1,5,16,0.0710049
11,1,5,17,0.0769725
11,1,5,18,0.077432
11,1,5,19,0.059783
11,1,5,20,0.0443923
11,1,5,21,0.0354458
11,1,5,22,0.031824
11,1,5,23,0.0249419
11,1,5,24,0.0179068
11,2,2,1,0.008648367
11,2,2,2,0.006772514
11,2,2,3,0.006183827
11,2,2,4,0.007146811
11,2,2,5,0.010666014
11,2,2,6,0.02091006
11,2,2,7,0.03693816
11,2,2,8,0.052023525
11,2,2,9,0.055048415
11,2,2,10,0.059418206
11,2,2,11,0.063717597
11,2,2,12,0.065495868
11,2,2,13,0.065485483
11,2,2,14,0.067500402
11,2,2,15,0.070596844
11,2,2,16,0.07794282
11,2,2,17,0.079749232
11,2,2,18,0.070706054
11,2,2,19,0.051578049
11,2,2,20,0.039118848
11,2,2,21,0.03051152
11,2,2,22,0.023452252
11,2,2,23,0.017418088
11,2,2,24,0.012971043
11,2,5,1,0.008648367
11,2,5,2,0.006772514
11,2,5,3,0.006183827
11,2,5,4,0.007146811
11,2,5,5,0.010666014
11,2,5,6,0.02091006
11,2,5,7,0.03693816
11,2,5,8,0.052023525
11,2,5,9,0.055048415
11,2,5,10,0.059418206
11,2,5,11,0.063717597
11,2,5,12,0.065495868
11,2,5,13,0.065485483
11,2,5,14,0.067500402
11,2,5,15,0.070596844
11,2,5,16,0.07794282
11,2,5,17,0.079749232
11,2,5,18,0.070706054
11,2,5,19,0.051578049
11,2,5,20,0.039118848
11,2,5,21,0.03051152
11,2,5,22,0.023452252
11,2,5,23,0.017418088
11,2,5,24,0.012971043
11,3,2,1,0.004258154
11,3,2,2,0.002592815
11,3,2,3,0.00247255
11,3,2,4,0.003315947
11,3,2,5,0.007523236
11,3,2,6,0.022507306
11,3,2,7,0.04888405
11,3,2,8,0.074144694
11,3,2,9,0.061987942
11,3,2,10,0.054831266
11,3,2,11,0.055095807
11,3,2,12,0.057355032
11,3,2,13,0.059100605
11,3,2,14,0.060140618
11,3,2,15,0.067372152
11,3,2,16,0.081503275
11,3,2,17,0.090177901
11,3,2,18,0.083584399
11,3,2,19,0.054948992
11,3,2,20,0.037696041
11,3,2,21,0.028866859
11,3,2,22,0.02029745
11,3,2,23,0.012970083
11,3,2,24,0.008372824
11,3,5,1,0.004258154
11,3,5,2,0.002592815
11,3,5,3,0.00247255
11,3,5,4,0.003315947
11,3,5,5,0.007523236
11,3,5,6,0.022507306
11,3,5,7,0.04888405
11,3,5,8,0.074144694
11,3,5,9,0.061987942
11,3,5,10,0.054831266
11,3,5,11,0.055095807
11,3,5,12,0.057355032
11,3,5,13,0.059100605
11,3,5,14,0.060140618
11,3,5,15,0.067372152
11,3,5,16,0.081503275
11,3,5,17,0.090177901
11,3,5,18,0.083584399
11,3,5,19,0.054948992
11,3,5,20,0.037696041
11,3,5,21,0.028866859
11,3,5,22,0.02029745
11,3,5,23,0.012970083
11,3,5,24,0.008372824
11,4,2,1,0.007041217
11,4,2,2,0.004273477
11,4,2,3,0.003997738
11,4,2,4,0.004723021
11,4,2,5,0.008359368
11,4,2,6,0.020769884
11,4,2,7,0.046885487000000003
11,4,2,8,0.077109024
11,4,2,9,0.068867918
11,4,2,10,0.054093639
11,4,2,11,0.051914333
11,4,2,12,0.053745096
11,4,2,13,0.056923302
11,4,2,14,0.057256158
11,4,2,15,0.063197495
11,4,2,16,0.077031803
11,4,2,17,0.089923109
11,4,2,18,0.08343223
11,4,2,19,0.052201203
11,4,2,20,0.037635679
11,4,2,21,0.030213379
11,4,2,22,0.023127439
11,4,2,23,0.015909856
11,4,2,24,0.011368146
11,4,5,1,0.007041217
11,4,5,2,0.004273477
11,4,5,3,0.003997738
11,4,5,4,0.004723021
11,4,5,5,0.008359368
11,4,5,6,0.020769884
11,4,5,7,0.046885487000000003
11,4,5,8,0.077109024
11,4,5,9,0.068867918
11,4,5,10,0.054093639
11,4,5,11,0.051914333
11,4,5,12,0.053745096
11,4,5,13,0.056923302
11,4,5,14,0.057256158
11,4,5,15,0.063197495
11,4,5,16,0.077031803
11,4,5,17,0.089923109
11,4,5,18,0.08343223
11,4,5,19,0.052201203
11,4,5,20,0.037635679
11,4,5,21,0.030213379
11,4,5,22,0.023127439
11,4,5,23,0.015909856
11,4,5,24,0.011368146
11,5,2,1,0.005264533
11,5,2,2,0.00309811
11,5,2,3,0.002643701
11,5,2,4,0.002888731
11,5,2,5,0.005445719
11,5,2,6,0.01435061
11,5,2,7,0.035193519
11,5,2,8,0.067896097
11,5,2,9,0.064600303
11,5,2,10,0.05489145
11,5,2,11,0.053860493
11,5,2,12,0.05907418
11,5,2,13,0.064218193
11,5,2,14,0.061960362
11,5,2,15,0.068330892
11,5,2,16,0.079596806
11,5,2,17,0.088527221
11,5,2,18,0.085871858
11,5,2,19,0.058673833
11,5,2,20,0.043283471
11,5,2,21,0.033330934
11,5,2,22,0.023023337
11,5,2,23,0.014547683
11,5,2,24,0.009427966
11,5,5,1,0.005264533
11,5,5,2,0.00309811
11,5,5,3,0.002643701
11,5,5,4,0.002888731
11,5,5,5,0.005445719
11,5,5,6,0.01435061
11,5,5,7,0.035193519
11,5,5,8,0.067896097
11,5,5,9,0.064600303
11,5,5,10,0.05489145
11,5,5,11,0.053860493
11,5,5,12,0.05907418
11,5,5,13,0.064218193
11,5,5,14,0.061960362
11,5,5,15,0.068330892
11,5,5,16,0.079596806
11,5,5,17,0.088527221
11,5,5,18,0.085871858
11,5,5,19,0.058673833
11,5,5,20,0.043283471
11,5,5,21,0.033330934
11,5,5,22,0.023023337
11,5,5,23,0.014547683
11,5,5,24,0.009427966
21,1,2,1,0.0214739
21,1,2,2,0.0144428
21,1,2,3,0.0109684
21,1,2,4,0.00749451
21,1,2,5,0.00683855
21,1,2,6,0.0103588
21,1,2,7,0.0184304
21,1,2,8,0.0268117
21,1,2,9,0.0363852
21,1,2,10,0.0475407
21,1,2,11,0.0574664
21,1,2,12,0.0650786
21,1,2,13,0.0713228
21,1,2,14,0.0714917
21,1,2,15,0.0717226
21,1,2,16,0.0720061
21,1,2,17,0.0711487
21,1,2,18,0.0678874
21,1,2,19,0.0617718
21,1,2,20,0.0516882
21,1,2,21,0.0428658
21,1,2,22,0.0380302
21,1,2,23,0.0322072
21,1,2,24,0.0245677
21,1,5,1,0.00986211
21,1,5,2,0.00627248
21,1,5,3,0.00505767
21,1,5,4,0.00466686
21,1,5,5,0.00699469
21,1,5,6,0.018494
21,1,5,7,0.0459565
21,1,5,8,0.0696444
21,1,5,9,0.0608279
21,1,5,10,0.0502862
21,1,5,11,0.0499351
21,1,5,12,0.0543654
21,1,5,13,0.0576462
21,1,5,14,0.0580319
21,1,5,15,0.0622554
21,1,5,16,0.0710049
21,1,5,17,0.0769725
21,1,5,18,0.077432
21,1,5,19,0.059783
21,1,5,20,0.0443923
21,1,5,21,0.0354458
21,1,5,22,0.031824
21,1,5,23,0.0249419
21,1,5,24,0.0179068
21,2,2,1,0.008648367
21,2,2,2,0.006772514
21,2,2,3,0.006183827
21,2,2,4,0.007146811
21,2,2,5,0.010666014
21,2,2,6,0.02091006
21,2,2,7,0.03693816
21,2,2,8,0.052023525
21,2,2,9,0.055048415
21,2,2,10,0.059418206
21,2,2,11,0.063717597
21,2,2,12,0.065495868
21,2,2,13,0.065485483
21,2,2,14,0.067500402
21,2,2,15,0.070596844
21,2,2,16,0.07794282
21,2,2,17,0.079749232
21,2,2,18,0.070706054
21,2,2,19,0.051578049
21,2,2,20,0.039118848
21,2,2,21,0.03051152
21,2,2,22,0.023452252
21,2,2,23,0.017418088
21,2,2,24,0.012971043
21,2,5,1,0.008648367
21,2,5,2,0.006772514
21,2,5,3,0.006183827
21,2,5,4,0.007146811
21,2,5,5,0.010666014
21,2,5,6,0.02091006
21,2,5,7,0.03693816
21,2,5,8,0.052023525
21,2,5,9,0.055048415
21,2,5,10,0.059418206
21,2,5,11,0.063717597
21,2,5,12,0.065495868
21,2,5,13,0.065485483
21,2,5,14,0.067500402
21,2,5,15,0.070596844
21,2,5,16,0.07794282
21,2,5,17,0.079749232
21,2,5,18,0.070706054
21,2,5,19,0.051578049
21,2,5,20,0.039118848
21,2,5,21,0.03051152
21,2,5,22,0.023452252
21,2,5,23,0.017418088
21,2,5,24,0.012971043
21,3,2,1,0.004258154
21,3,2,2,0.002592815
21,3,2,3,0.00247255
21,3,2,4,0.003315947
21,3,2,5,0.007523236
21,3,2,6,0.022507306
21,3,2,7,0.04888405
21,3,2,8,0.074144694
21,3,2,9,0.061987942
21,3,2,10,0.054831266
21,3,2,11,0.055095807
21,3,2,12,0.057355032
21,3,2,13,0.059100605
21,3,2,14,0.060140618
21,3,2,15,0.067372152
21,3,2,16,0.081503275
21,3,2,17,0.090177901
21,3,2,18,0.083584399
21,3,2,19,0.054948992
21,3,2,20,0.037696041
21,3,2,21,0.028866859
21,3,2,22,0.02029745
21,3,2,23,0.012970083
21,3,2,24,0.008372824
21,3,5,1,0.004258154
21,3,5,2,0.002592815
21,3,5,3,0.00247255
21,3,5,4,0.003315947
21,3,5,5,0.007523236
21,3,5,6,0.022507306
21,3,5,7,0.04888405
21,3,5,8,0.074144694
21,3,5,9,0.061987942
21,3,5,10,0.054831266
21,3,5,11,0.055095807
21,3,5,12,0.057355032
21,3,5,13,0.059100605
21,3,5,14,0.060140618
21,3,5,15,0.067372152
21,3,5,16,0.081503275
21,3,5,17,0.090177901
21,3,5,18,0.083584399
21,3,5,19,0.054948992
21,3,5,20,0.037696041
21,3,5,21,0.028866859
21,3,5,22,0.02029745
21,3,5,23,0.012970083
21,3,5,24,0.008372824
21,4,2,1,0.007041217
21,4,2,2,0.004273477
21,4,2,3,0.003997738
21,4,2,4,0.004723021
21,4,2,5,0.008359368
21,4,2,6,0.020769884
21,4,2,7,0.046885487000000003
21,4,2,8,0.077109024
21,4,2,9,0.068867918
21,4,2,10,0.054093639
21,4,2,11,0.051914333
21,4,2,12,0.053745096
21,4,2,13,0.056923302
21,4,2,14,0.057256158
21,4,2,15,0.063197495
21,4,2,16,0.077031803
21,4,2,17,0.089923109
21,4,2,18,0.08343223
21,4,2,19,0.052201203
21,4,2,20,0.037635679
21,4,2,21,0.030213379
21,4,2,22,0.023127439
21,4,2,23,0.015909856
21,4,2,24,0.011368146
21,4,5,1,0.007041217
21,4,5,2,0.004273477
21,4,5,3,0.003997738
21,4,5,4,0.004723021
21,4,5,5,0.008359368
21,4,5,6,0.020769884
21,4,5,7,0.046885487000000003
21,4,5,8,0.077109024
21,4,5,9,0.068867918
21,4,5,10,0.054093639
21,4,5,11,0.051914333
21,4,5,12,0.053745096
21,4,5,13,0.056923302
21,4,5,14,0.057256158
21,4,5,15,0.063197495
21,4,5,16,0.077031803
21,4,5,17,0.089923109
21,4,5,18,0.08343223
21,4,5,19,0.052201203
21,4,5,20,0.037635679
21,4,5,21,0.030213379
21,4,5,22,0.023127439
21,4,5,23,0.015909856
21,4,5,24,0.011368146
21,5,2,1,0.005264533
21,5,2,2,0.00309811
21,5,2,3,0.002643701
21,5,2,4,0.002888731
21,5,2,5,0.005445719
21,5,2,6,0.01435061
21,5,2,7,0.035193519
21,5,2,8,0.067896097
21,5,2,9,0.064600303
21,5,2,10,0.05489145
21,5,2,11,0.053860493
21,5,2,12,0.05907418
21,5,2,13,0.064218193
21,5,2,14,0.061960362
21,5,2,15,0.068330892
21,5,2,16,0.079596806
21,5,2,17,0.088527221
21,5,2,18,0.085871858
21,5,2,19,0.058673833
21,5,2,20,0.043283471
21,5,2,21,0.033330934
21,5,2,22,0.023023337
21,5,2,23,0.014547683
21,5,2,24,0.009427966
21,5,5,1,0.005264533
21,5,5,2,0.00309811
21,5,5,3,0.002643701
21,5,5,4,0.002888731
21,5,5,5,0.005445719
21,5,5,6,0.01435061
21,5,5,7,0.035193519
21,5,5,8,0.067896097
21,5,5,9,0.064600303
21,5,5,10,0.05489145
21,5,5,11,0.053860493
21,5,5,12,0.05907418
21,5,5,13,0.064218193
21,5,5,14,0.061960362
21,5,5,15,0.068330892
21,5,5,16,0.079596806
21,5,5,17,0.088527221
21,5,5,18,0.085871858
21,5,5,19,0.058673833
21,5,5,20,0.043283471
21,5,5,21,0.033330934
21,5,5,22,0.023023337
21,5,5,23,0.014547683
21,5,5,24,0.009427966
31,1,2,1,0.0214739
31,1,2,2,0.0144428
31,1,2,3,0.0109684
31,1,2,4,0.00749451
31,1,2,5,0.00683855
31,1,2,6,0.0103588
31,1,2,7,0.0184304
31,1,2,8,0.0268117
31,1,2,9,0.0363852
31,1,2,10,0.0475407
31,1,2,11,0.0574664
31,1,2,12,0.0650786
31,1,2,13,0.0713228
31,1,2,14,0.0714917
31,1,2,15,0.0717226
31,1,2,16,0.0720061
31,1,2,17,0.0711487
31,1,2,18,0.0678874
31,1,2,19,0.0617718
31,1,2,20,0.0516882
31,1,2,21,0.0428658
31,1,2,22,0.0380302
31,1,2,23,0.0322072
31,1,2,24,0.0245677
31,1,5,1,0.00986211
31,1,5,2,0.00627248
31,1,5,3,0.00505767
31,1,5,4,0.00466686
31,1,5,5,0.00699469
31,1,5,6,0.018494
31,1,5,7,0.0459565
31,1,5,8,0.0696444
31,1,5,9,0.0608279
31,1,5,10,0.0502862
31,1,5,11,0.0499351
31,1,5,12,0.0543654
31,1,5,13,0.0576462
31,1,5,14,0.0580319
31,1,5,15,0.0622554
31,1,5,16,0.0710049
31,1,5,17,0.0769725
31,1,5,18,0.077432
31,1,5,19,0.059783
31,1,5,20,0.0443923
31,1,5,21,0.0354458
31,1,5,22,0.031824
31,1,5,23,0.0249419
31,1,5,24,0.0179068
31,2,2,1,0.008648367
31,2,2,2,0.006772514
31,2,2,3,0.006183827
31,2,2,4,0.007146811
31,2,2,5,0.010666014
31,2,2,6,0.02091006
31,2,2,7,0.03693816
31,2,2,8,0.052023525
31,2,2,9,0.055048415
31,2,2,10,0.059418206
31,2,2,11,0.063717597
31,2,2,12,0.065495868
31,2,2,13,0.065485483
31,2,2,14,0.067500402
31,2,2,15,0.070596844
31,2,2,16,0.07794282
31,2,2,17,0.079749232
31,2,2,18,0.070706054
31,2,2,19,0.051578049
31,2,2,20,0.039118848
31,2,2,21,0.03051152
31,2,2,22,0.023452252
31,2,2,23,0.017418088
31,2,2,24,0.012971043
31,2,5,1,0.008648367
31,2,5,2,0.006772514
31,2,5,3,0.006183827
31,2,5,4,0.007146811
31,2,5,5,0.010666014
31,2,5,6,0.02091006
31,2,5,7,0.03693816
31,2,5,8,0.052023525
31,2,5,9,0.055048415
31,2,5,10,0.059418206
31,2,5,11,0.063717597
31,2,5,12,0.065495868
31,2,5,13,0.065485483
31,2,5,14,0.067500402
31,2,5,15,0.070596844
31,2,5,16,0.07794282
31,2,5,17,0.079749232
31,2,5,18,0.070706054
31,2,5,19,0.051578049
31,2,5,20,0.039118848
31,2,5,21,0.03051152
31,2,5,22,0.023452252
31,2,5,23,0.017418088
31,2,5,24,0.012971043
31,3,2,1,0.004258154
31,3,2,2,0.002592815
31,3,2,3,0.00247255
31,3,2,4,0.003315947
31,3,2,5,0.007523236
31,3,2,6,0.022507306
31,3,2,7,0.04888405
31,3,2,8,0.074144694
31,3,2,9,0.061987942
31,3,2,10,0.054831266
31,3,2,11,0.055095807
31,3,2,12,0.057355032
31,3,2,13,0.059100605
31,3,2,14,0.060140618
31,3,2,15,0.067372152
31,3,2,16,0.081503275
31,3,2,17,0.090177901
31,3,2,18,0.083584399
31,3,2,19,0.054948992
31,3,2,20,0.037696041
31,3,2,21,0.028866859
31,3,2,22,0.02029745
31,3,2,23,0.012970083
31,3,2,24,0.008372824
31,3,5,1,0.004258154
31,3,5,2,0.002592815
31,3,5,3,0.00247255
31,3,5,4,0.003315947
31,3,5,5,0.007523236
31,3,5,6,0.022507306
31,3,5,7,0.04888405
31,3,5,8,0.074144694
31,3,5,9,0.061987942
31,3,5,10,0.054831266
31,3,5,11,0.055095807
31,3,5,12,0.057355032
31,3,5,13,0.059100605
31,3,5,14,0.060140618
31,3,5,15,0.067372152
31,3,5,16,0.081503275
31,3,5,17,0.090177901
31,3,5,18,0.083584399
31,3,5,19,0.054948992
31,3,5,20,0.037696041
31,3,5,21,0.028866859
31,3,5,22,0.02029745
31,3,5,23,0.012970083
31,3,5,24,0.008372824
31,4,2,1,0.007041217
31,4,2,2,0.004273477
31,4,2,3,0.003997738
31,4,2,4,0.004723021
31,4,2,5,0.008359368
31,4,2,6,0.020769884
31,4,2,7,0.046885487000000003
31,4,2,8,0.077109024
31,4,2,9,0.068867918
31,4,2,10,0.054093639
31,4,2,11,0.051914333
31,4,2,12,0.053745096
31,4,2,13,0.056923302
31,4,2,14,0.057256158
31,4,2,15,0.063197495
31,4,2,16,0.077031803
31,4,2,17,0.089923109
31,4,2,18,0.08343223
31,4,2,19,0.052201203
31,4,2,20,0.037635679
31,4,2,21,0.030213379
31,4,2,22,0.023127439
31,4,2,23,0.015909856
31,4,2,24,0.011368146
31,4,5,1,0.007041217
31,4,5,2,0.004273477
31,4,5,3,0.003997738
31,4,5,4,0.004723021
31,4,5,5,0.008359368
31,4,5,6,0.020769884
31,4,5,7,0.046885487000000003
31,4,5,8,0.077109024
31,4,5,9,0.068867918
31,4,5,10,0.054093639
31,4,5,11,0.051914333
31,4,5,12,0.053745096
31,4,5,13,0.056923302
31,4,5,14,0.057256158
31,4,5,15,0.063197495
31,4,5,16,0.077031803
31,4,5,17,0.089923109
31,4,5,18,0.08343223
31,4,5,19,0.052201203
31,4,5,20,0.037635679
31,4,5,21,0.030213379
31,4,5,22,0.023127439
31,4,5,23,0.015909856
31,4,5,24,0.011368146
31,5,2,1,0.005264533
31,5,2,2,0.00309811
31,5,2,3,0.002643701
31,5,2,4,0.002888731
31,5,2,5,0.005445719
31,5,2,6,0.01435061
31,5,2,7,0.035193519
31,5,2,8,0.067896097
31,5,2,9,0.064600303
31,5,2,10,0.05489145
31,5,2,11,0.053860493
31,5,2,12,0.05907418
31,5,2,13,0.064218193
31,5,2,14,0.061960362
31,5,2,15,0.068330892
31,5,2,16,0.079596806
31,5,2,17,0.088527221
31,5,2,18,0.085871858
31,5,2,19,0.058673833
31,5,2,20,0.043283471
31,5,2,21,0.033330934
31,5,2,22,0.023023337
31,5,2,23,0.014547683
31,5,2,24,0.009427966
31,5,5,1,0.005264533
31,5,5,2,0.00309811
31,5,5,3,0.002643701
31,5,5,4,0.002888731
31,5,5,5,0.005445719
31,5,5,6,0.01435061
31,5,5,7,0.035193519
31,5,5,8,0.067896097
31,5,5,9,0.064600303
31,5,5,10,0.05489145
31,5,5,11,0.053860493
31,5,5,12,0.05907418
31,5,5,13,0.064218193
31,5,5,14,0.061960362
31,5,5,15,0.068330892
31,5,5,16,0.079596806
31,5,5,17,0.088527221
31,5,5,18,0.085871858
31,5,5,19,0.058673833
31,5,5,20,0.043283471
31,5,5,21,0.033330934
31,5,5,22,0.023023337
31,5,5,23,0.014547683
31,5,5,24,0.009427966
32,1,2,1,0.0214739
32,1,2,2,0.0144428
32,1,2,3,0.0109684
32,1,2,4,0.00749451
32,1,2,5,0.00683855
32,1,2,6,0.0103588
32,1,2,7,0.0184304
32,1,2,8,0.0268117
32,1,2,9,0.0363852
32,1,2,10,0.0475407
32,1,2,11,0.0574664
32,1,2,12,0.0650786
32,1,2,13,0.0713228
32,1,2,14,0.0714917
32,1,2,15,0.0717226
32,1,2,16,0.0720061
32,1,2,17,0.0711487
32,1,2,18,0.0678874
32,1,2,19,0.0617718
32,1,2,20,0.0516882
32,1,2,21,0.0428658
32,1,2,22,0.0380302
32,1,2,23,0.0322072
32,1,2,24,0.0245677
32,1,5,1,0.00986211
32,1,5,2,0.00627248
32,1,5,3,0.00505767
32,1,5,4,0.00466686
32,1,5,5,0.00699469
32,1,5,6,0.018494
32,1,5,7,0.0459565
32,1,5,8,0.0696444
32,1,5,9,0.0608279
32,1,5,10,0.0502862
32,1,5,11,0.0499351
32,1,5,12,0.0543654
32,1,5,13,0.0576462
32,1,5,14,0.0580319
32,1,5,15,0.0622554
32,1,5,16,0.0710049
32,1,5,17,0.0769725
32,1,5,18,0.077432
32,1,5,19,0.059783
32,1,5,20,0.0443923
32,1,5,21,0.0354458
32,1,5,22,0.031824
32,1,5,23,0.0249419
32,1,5,24,0.0179068
32,2,2,1,0.008648367
32,2,2,2,0.006772514
32,2,2,3,0.006183827
32,2,2,4,0.007146811
32,2,2,5,0.010666014
32,2,2,6,0.02091006
32,2,2,7,0.03693816
32,2,2,8,0.052023525
32,2,2,9,0.055048415
32,2,2,10,0.059418206
32,2,2,11,0.063717597
32,2,2,12,0.065495868
32,2,2,13,0.065485483
32,2,2,14,0.067500402
32,2,2,15,0.070596844
32,2,2,16,0.07794282
32,2,2,17,0.079749232
32,2,2,18,0.070706054
32,2,2,19,0.051578049
32,2,2,20,0.039118848
32,2,2,21,0.03051152
32,2,2,22,0.023452252
32,2,2,23,0.017418088
32,2,2,24,0.012971043
32,2,5,1,0.008648367
32,2,5,2,0.006772514
32,2,5,3,0.006183827
32,2,5,4,0.007146811
32,2,5,5,0.010666014
32,2,5,6,0.02091006
32,2,5,7,0.03693816
32,2,5,8,0.052023525
32,2,5,9,0.055048415
32,2,5,10,0.059418206
32,2,5,11,0.063717597
32,2,5,12,0.065495868
32,2,5,13,0.065485483
32,2,5,14,0.067500402
32,2,5,15,0.070596844
32,2,5,16,0.07794282
32,2,5,17,0.079749232
32,2,5,18,0.070706054
32,2,5,19,0.051578049
32,2,5,20,0.039118848
32,2,5,21,0.03051152
32,2,5,22,0.023452252
32,2,5,23,0.017418088
32,2,5,24,0.012971043
32,3,2,1,0.004258154
32,3,2,2,0.002592815
32,3,2,3,0.00247255
32,3,2,4,0.003315947
32,3,2,5,0.007523236
32,3,2,6,0.022507306
32,3,2,7,0.04888405
32,3,2,8,0.074144694
32,3,2,9,0.061987942
32,3,2,10,0.054831266
32,3,2,11,0.055095807
32,3,2,12,0.057355032
32,3,2,13,0.059100605
32,3,2,14,0.060140618
32,3,2,15,0.067372152
32,3,2,16,0.081503275
32,3,2,17,0.090177901
32,3,2,18,0.083584399
32,3,2,19,0.054948992
32,3,2,20,0.037696041
32,3,2,21,0.028866859
32,3,2,22,0.02029745
32,3,2,23,0.012970083
32,3,2,24,0.008372824
32,3,5,1,0.004258154
32,3,5,2,0.002592815
32,3,5,3,0.00247255
32,3,5,4,0.003315947
32,3,5,5,0.007523236
32,3,5,6,0.022507306
32,3,5,7,0.04888405
32,3,5,8,0.074144694
32,3,5,9,0.061987942
32,3,5,10,0.054831266
32,3,5,11,0.055095807
32,3,5,12,0.057355032
32,3,5,13,0.059100605
32,3,5,14,0.060140618
32,3,5,15,0.067372152
32,3,5,16,0.081503275
32,3,5,17,0.090177901
32,3,5,18,0.083584399
32,3,5,19,0.054948992
32,3,5,20,0.037696041
32,3,5,21,0.028866859
32,3,5,22,0.02029745
32,3,5,23,0.012970083
32,3,5,24,0.008372824
32,4,2,1,0.007041217
32,4,2,2,0.004273477
32,4,2,3,0.003997738
32,4,2,4,0.004723021
32,4,2,5,0.008359368
32,4,2,6,0.020769884
32,4,2,7,0.046885487000000003
32,4,2,8,0.077109024
32,4,2,9,0.068867918
32,4,2,10,0.054093639
32,4,2,11,0.051914333
32,4,2,12,0.053745096
32,4,2,13,0.056923302
32,4,2,14,0.057256158
32,4,2,15,0.063197495
32,4,2,16,0.077031803
32,4,2,17,0.089923109
32,4,2,18,0.08343223
32,4,2,19,0.052201203
32,4,2,20,0.037635679
32,4,2,21,0.030213379
32,4,2,22,0.023127439
32,4,2,23,0.015909856
32,4,2,24,0.011368146
32,4,5,1,0.007041217
32,4,5,2,0.004273477
32,4,5,3,0.003997738
32,4,5,4,0.004723021
32,4,5,5,0.008359368
32,4,5,6,0.020769884
32,4,5,7,0.046885487000000003
32,4,5,8,0.077109024
32,4,5,9,0.068867918
32,4,5,10,0.054093639
32,4,5,11,0.051914333
32,4,5,12,0.053745096
32,4,5,13,0.056923302
32,4,5,14,0.057256158
32,4,5,15,0.063197495
32,4,5,16,0.077031803
32,4,5,17,0.089923109
32,4,5,18,0.08343223
32,4,5,19,0.052201203
32,4,5,20,0.037635679
32,4,5,21,0.030213379
32,4,5,22,0.023127439
32,4,5,23,0.015909856
32,4,5,24,0.011368146
32,5,2,1,0.005264533
32,5,2,2,0.00309811
32,5,2,3,0.002643701
32,5,2,4,0.002888731
32,5,2,5,0.005445719
32,5,2,6,0.01435061
32,5,2,7,0.035193519
32,5,2,8,0.067896097
32,5,2,9,0.064600303
32,5,2,10,0.05489145
32,5,2,11,0.053860493
32,5,2,12,0.05907418
32,5,2,13,0.064218193
32,5,2,14,0.061960362
32,5,2,15,0.068330892
32,5,2,16,0.079596806
32,5,2,17,0.088527221
32,5,2,18,0.085871858
32,5,2,19,0.058673833
32,5,2,20,0.043283471
32,5,2,21,0.033330934
32,5,2,22,0.023023337
32,5,2,23,0.014547683
32,5,2,24,0.009427966
32,5,5,1,0.005264533
32,5,5,2,0.00309811
32,5,5,3,0.002643701
32,5,5,4,0.002888731
32,5,5,5,0.005445719
32,5,5,6,0.01435061
32,5,5,7,0.035193519
32,5,5,8,0.067896097
32,5,5,9,0.064600303
32,5,5,10,0.05489145
32,5,5,11,0.053860493
32,5,5,12,0.05907418
32,5,5,13,0.064218193
32,5,5,14,0.061960362
32,5,5,15,0.068330892
32,5,5,16,0.079596806
32,5,5,17,0.088527221
32,5,5,18,0.085871858
32,5,5,19,0.058673833
32,5,5,20,0.043283471
32,5,5,21,0.033330934
32,5,5,22,0.023023337
32,5,5,23,0.014547683
32,5,5,24,0.009427966
41,1,2,1,0.0214739
41,1,2,2,0.0144428
41,1,2,3,0.0109684
41,1,2,4,0.00749451
41,1,2,5,0.00683855
41,1,2,6,0.0103588
41,1,2,7,0.0184304
41,1,2,8,0.0268117
41,1,2,9,0.0363852
41,1,2,10,0.0475407
41,1,2,11,0.0574664
41,1,2,12,0.0650786
41,1,2,13,0.0713228
41,1,2,14,0.0714917
41,1,2,15,0.0717226
41,1,2,16,0.0720061
41,1,2,17,0.0711487
41,1,2,18,0.0678874
41,1,2,19,0.0617718
41,1,2,20,0.0516882
41,1,2,21,0.0428658
41,1,2,22,0.0380302
41,1,2,23,0.0322072
41,1,2,24,0.0245677
41,1,5,1,0.00986211
41,1,5,2,0.00627248
41,1,5,3,0.00505767
41,1,5,4,0.00466686
41,1,5,5,0.00699469
41,1,5,6,0.018494
41,1,5,7,0.0459565
41,1,5,8,0.0696444
41,1,5,9,0.0608279
41,1,5,10,0.0502862
41,1,5,11,0.0499351
41,1,5,12,0.0543654
41,1,5,13,0.0576462
41,1,5,14,0.0580319
41,1,5,15,0.0622554
41,1,5,16,0.0710049
41,1,5,17,0.0769725
41,1,5,18,0.077432
41,1,5,19,0.059783
41,1,5,20,0.0443923
41,1,5,21,0.0354458
41,1,5,22,0.031824
41,1,5,23,0.0249419
41,1,5,24,0.0179068
41,2,2,1,0.008648367
41,2,2,2,0.006772514
41,2,2,3,0.006183827
41,2,2,4,0.007146811
41,2,2,5,0.010666014
41,2,2,6,0.02091006
41,2,2,7,0.03693816
41,2,2,8,0.052023525
41,2,2,9,0.055048415
41,2,2,10,0.059418206
41,2,2,11,0.063717597
41,2,2,12,0.065495868
41,2,2,13,0.065485483
41,2,2,14,0.067500402
41,2,2,15,0.070596844
41,2,2,16,0.07794282
41,2,2,17,0.079749232
41,2,2,18,0.070706054
41,2,2,19,0.051578049
41,2,2,20,0.039118848
41,2,2,21,0.03051152
41,2,2,22,0.023452252
41,2,2,23,0.017418088
41,2,2,24,0.012971043
41,2,5,1,0.008648367
41,2,5,2,0.006772514
41,2,5,3,0.006183827
41,2,5,4,0.007146811
41,2,5,5,0.010666014
41,2,5,6,0.02091006
41,2,5,7,0.03693816
41,2,5,8,0.052023525
41,2,5,9,0.055048415
41,2,5,10,0.059418206
41,2,5,11,0.063717597
41,2,5,12,0.065495868
41,2,5,13,0.065485483
41,2,5,14,0.067500402
41,2,5,15,0.070596844
41,2,5,16,0.07794282
41,2,5,17,0.079749232
41,2,5,18,0.070706054
41,2,5,19,0.051578049
41,2,5,20,0.039118848
41,2,5,21,0.03051152
41,2,5,22,0.023452252
41,2,5,23,0.017418088
41,2,5,24,0.012971043
41,3,2,1,0.004258154
41,3,2,2,0.002592815
41,3,2,3,0.00247255
41,3,2,4,0.003315947
41,3,2,5,0.007523236
41,3,2,6,0.022507306
41,3,2,7,0.04888405
41,3,2,8,0.074144694
41,3,2,9,0.061987942
41,3,2,10,0.054831266
41,3,2,11,0.055095807
41,3,2,12,0.057355032
41,3,2,13,0.059100605
41,3,2,14,0.060140618
41,3,2,15,0.067372152
41,3,2,16,0.081503275
41,3,2,17,0.090177901
41,3,2,18,0.083584399
41,3,2,19,0.054948992
41,3,2,20,0.037696041
41,3,2,21,0.028866859
41,3,2,22,0.02029745
41,3,2,23,0.012970083
41,3,2,24,0.008372824
41,3,5,1,0.004258154
41,3,5,2,0.002592815
41,3,5,3,0.00247255
41,3,5,4,0.003315947
41,3,5,5,0.007523236
41,3,5,6,0.022507306
41,3,5,7,0.04888405
41,3,5,8,0.074144694
41,3,5,9,0.061987942
41,3,5,10,0.054831266
41,3,5,11,0.055095807
41,3,5,12,0.057355032
41,3,5,13,0.059100605
41,3,5,14,0.060140618
41,3,5,15,0.067372152
41,3,5,16,0.081503275
41,3,5,17,0.090177901
41,3,5,18,0.083584399
41,3,5,19,0.054948992
41,3,5,20,0.037696041
41,3,5,21,0.028866859
41,3,5,22,0.02029745
41,3,5,23,0.012970083
41,3,5,24,0.008372824
41,4,2,1,0.007041217
41,4,2,2,0.004273477
41,4,2,3,0.003997738
41,4,2,4,0.004723021
41,4,2,5,0.008359368
41,4,2,6,0.020769884
41,4,2,7,0.046885487000000003
41,4,2,8,0.077109024
41,4,2,9,0.068867918
41,4,2,10,0.054093639
41,4,2,11,0.051914333
41,4,2,12,0.053745096
41,4,2,13,0.056923302
41,4,2,14,0.057256158
41,4,2,15,0.063197495
41,4,2,16,0.077031803
41,4,2,17,0.089923109
41,4,2,18,0.08343223
41,4,2,19,0.052201203
41,4,2,20,0.037635679
41,4,2,21,0.030213379
41,4,2,22,0.023127439
41,4,2,23,0.015909856
41,4,2,24,0.011368146
41,4,5,1,0.007041217
41,4,5,2,0.004273477
41,4,5,3,0.003997738
41,4,5,4,0.004723021
41,4,5,5,0.008359368
41,4,5,6,0.020769884
41,4,5,7,0.046885487000000003
41,4,5,8,0.077109024
41,4,5,9,0.068867918
41,4,5,10,0.054093639
41,4,5,11,0.051914333
41,4,5,12,0.053745096
41,4,5,13,0.056923302
41,4,5,14,0.057256158
41,4,5,15,0.063197495
41,4,5,16,0.077031803
41,4,5,17,0.089923109
41,4,5,18,0.08343223
41,4,5,19,0.052201203
41,4,5,20,0.037635679
41,4,5,21,0.030213379
41,4,5,22,0.023127439
41,4,5,23,0.015909856
41,4,5,24,0.011368146
41,5,2,1,0.005264533
41,5,2,2,0.00309811
41,5,2,3,0.002643701
41,5,2,4,0.002888731
41,5,2,5,0.005445719
41,5,2,6,0.01435061
41,5,2,7,0.035193519
41,5,2,8,0.067896097
41,5,2,9,0.064600303
41,5,2,10,0.05489145
41,5,2,11,0.053860493
41,5,2,12,0.05907418
41,5,2,13,0.064218193
41,5,2,14,0.061960362
41,5,2,15,0.068330892
41,5,2,16,0.079596806
41,5,2,17,0.088527221
41,5,2,18,0.085871858
41,5,2,19,0.058673833
41,5,2,20,0.043283471
41,5,2,21,0.033330934
41,5,2,22,0.023023337
41,5,2,23,0.014547683
41,5,2,24,0.009427966
41,5,5,1,0.005264533
41,5,5,2,0.00309811
41,5,5,3,0.002643701
41,5,5,4,0.002888731
41,5,5,5,0.005445719
41,5,5,6,0.01435061
41,5,5,7,0.035193519
41,5,5,8,0.067896097
41,5,5,9,0.064600303
41,5,5,10,0.05489145
41,5,5,11,0.053860493
41,5,5,12,0.05907418
41,5,5,13,0.064218193
41,5,5,14,0.061960362
41,5,5,15,0.068330892
41,5,5,16,0.079596806
41,5,5,17,0.088527221
41,5,5,18,0.085871858
41,5,5,19,0.058673833
41,5,5,20,0.043283471
41,5,5,21,0.033330934
41,5,5,22,0.023023337
41,5,5,23,0.014547683
41,5,5,24,0.009427966
42,1,2,1,0.0214739
42,1,2,2,0.0144428
42,1,2,3,0.0109684
42,1,2,4,0.00749451
42,1,2,5,0.00683855
42,1,2,6,0.0103588
42,1,2,7,0.0184304
42,1,2,8,0.0268117
42,1,2,9,0.0363852
42,1,2,10,0.0475407
42,1,2,11,0.0574664
42,1,2,12,0.0650786
42,1,2,13,0.0713228
42,1,2,14,0.0714917
42,1,2,15,0.0717226
42,1,2,16,0.0720061
42,1,2,17,0.0711487
42,1,2,18,0.0678874
42,1,2,19,0.0617718
42,1,2,20,0.0516882
42,1,2,21,0.0428658
42,1,2,22,0.0380302
42,1,2,23,0.0322072
42,1,2,24,0.0245677
42,1,5,1,0.00986211
42,1,5,2,0.00627248
42,1,5,3,0.00505767
42,1,5,4,0.00466686
42,1,5,5,0.00699469
42,1,5,6,0.018494
42,1,5,7,0.0459565
42,1,5,8,0.0696444
42,1,5,9,0.0608279
42,1,5,10,0.0502862
42,1,5,11,0.0499351
42,1,5,12,0.0543654
42,1,5,13,0.0576462
42,1,5,14,0.0580319
42,1,5,15,0.0622554
42,1,5,16,0.0710049
42,1,5,17,0.0769725
42,1,5,18,0.077432
42,1,5,19,0.059783
42,1,5,20,0.0443923
42,1,5,21,0.0354458
42,1,5,22,0.031824
42,1,5,23,0.0249419
42,1,5,24,0.0179068
42,2,2,1,0.008648367
42,2,2,2,0.006772514
42,2,2,3,0.006183827
42,2,2,4,0.007146811
42,2,2,5,0.010666014
42,2,2,6,0.02091006
42,2,2,7,0.03693816
42,2,2,8,0.052023525
42,2,2,9,0.055048415
42,2,2,10,0.059418206
42,2,2,11,0.063717597
42,2,2,12,0.065495868
42,2,2,13,0.065485483
42,2,2,14,0.067500402
42,2,2,15,0.070596844
42,2,2,16,0.07794282
42,2,2,17,0.079749232
42,2,2,18,0.070706054
42,2,2,19,0.051578049
42,2,2,20,0.039118848
42,2,2,21,0.03051152
42,2,2,22,0.023452252
42,2,2,23,0.017418088
42,2,2,24,0.012971043
42,2,5,1,0.008648367
42,2,5,2,0.006772514
42,2,5,3,0.006183827
42,2,5,4,0.007146811
42,2,5,5,0.010666014
42,2,5,6,0.02091006
42,2,5,7,0.03693816
42,2,5,8,0.052023525
42,2,5,9,0.055048415
42,2,5,10,0.059418206
42,2,5,11,0.063717597
42,2,5,12,0.065495868
42,2,5,13,0.065485483
42,2,5,14,0.067500402
42,2,5,15,0.070596844
42,2,5,16,0.07794282
42,2,5,17,0.079749232
42,2,5,18,0.070706054
42,2,5,19,0.051578049
42,2,5,20,0.039118848
42,2,5,21,0.03051152
42,2,5,22,0.023452252
42,2,5,23,0.017418088
42,2,5,24,0.012971043
42,3,2,1,0.004258154
42,3,2,2,0.002592815
42,3,2,3,0.00247255
42,3,2,4,0.003315947
42,3,2,5,0.007523236
42,3,2,6,0.022507306
42,3,2,7,0.04888405
42,3,2,8,0.074144694
42,3,2,9,0.061987942
42,3,2,10,0.054831266
42,3,2,11,0.055095807
42,3,2,12,0.057355032
42,3,2,13,0.059100605
42,3,2,14,0.060140618
42,3,2,15,0.067372152
42,3,2,16,0.081503275
42,3,2,17,0.090177901
42,3,2,18,0.083584399
42,3,2,19,0.054948992
42,3,2,20,0.037696041
42,3,2,21,0.028866859
42,3,2,22,0.02029745
42,3,2,23,0.012970083
42,3,2,24,0.008372824
42,3,5,1,0.004258154
42,3,5,2,0.002592815
42,3,5,3,0.00247255
42,3,5,4,0.003315947
42,3,5,5,0.007523236
42,3,5,6,0.022507306
42,3,5,7,0.04888405
42,3,5,8,0.074144694
42,3,5,9,0.061987942
42,3,5,10,0.054831266
42,3,5,11,0.055095807
42,3,5,12,0.057355032
42,3,5,13,0.059100605
42,3,5,14,0.060140618
42,3,5,15,0.067372152
42,3,5,16,0.081503275
42,3,5,17,0.090177901
42,3,5,18,0.083584399
42,3,5,19,0.054948992
42,3,5,20,0.037696041
42,3,5,21,0.028866859
42,3,5,22,0.02029745
42,3,5,23,0.012970083
42,3,5,24,0.008372824
42,4,2,1,0.007041217
42,4,2,2,0.004273477
42,4,2,3,0.003997738
42,4,2,4,0.004723021
42,4,2,5,0.008359368
42,4,2,6,0.020769884
42,4,2,7,0.046885487000000003
42,4,2,8,0.077109024
42,4,2,9,0.068867918
42,4,2,10,0.054093639
42,4,2,11,0.051914333
42,4,2,12,0.053745096
42,4,2,13,0.056923302
42,4,2,14,0.057256158
42,4,2,15,0.063197495
42,4,2,16,0.077031803
42,4,2,17,0.089923109
42,4,2,18,0.08343223
42,4,2,19,0.052201203
42,4,2,20,0.037635679
42,4,2,21,0.030213379
42,4,2,22,0.023127439
42,4,2,23,0.015909856
42,4,2,24,0.011368146
42,4,5,1,0.007041217
42,4,5,2,0.004273477
42,4,5,3,0.003997738
42,4,5,4,0.004723021
42,4,5,5,0.008359368
42,4,5,6,0.020769884
42,4,5,7,0.046885487000000003
42,4,5,8,0.077109024
42,4,5,9,0.068867918
42,4,5,10,0.054093639
42,4,5,11,0.051914333
42,4,5,12,0.053745096
42,4,5,13,0.056923302
42,4,5,14,0.057256158
42,4,5,15,0.063197495
42,4,5,16,0.077031803
42,4,5,17,0.089923109
42,4,5,18,0.08343223
42,4,5,19,0.052201203
42,4,5,20,0.037635679
42,4,5,21,0.030213379
42,4,5,22,0.023127439
42,4,5,23,0.015909856
42,4,5,24,0.011368146
42,5,2,1,0.005264533
42,5,2,2,0.00309811
42,5,2,3,0.002643701
42,5,2,4,0.002888731
42,5,2,5,0.005445719
42,5,2,6,0.01435061
42,5,2,7,0.035193519
42,5,2,8,0.067896097
42,5,2,9,0.064600303
42,5,2,10,0.05489145
42,5,2,11,0.053860493
42,5,2,12,0.05907418
42,5,2,13,0.064218193
42,5,2,14,0.061960362
42,5,2,15,0.068330892
42,5,2,16,0.079596806
42,5,2,17,0.088527221
42,5,2,18,0.085871858
42,5,2,19,0.058673833
42,5,2,20,0.043283471
42,5,2,21,0.033330934
42,5,2,22,0.023023337
42,5,2,23,0.014547683
42,5,2,24,0.009427966
42,5,5,1,0.005264533
42,5,5,2,0.00309811
42,5,5,3,0.002643701
42,5,5,4,0.002888731
42,5,5,5,0.005445719
42,5,5,6,0.01435061
42,5,5,7,0.035193519
42,5,5,8,0.067896097
42,5,5,9,0.064600303
42,5,5,10,0.05489145
42,5,5,11,0.053860493
42,5,5,12,0.05907418
42,5,5,13,0.064218193
42,5,5,14,0.061960362
42,5,5,15,0.068330892
42,5,5,16,0.079596806
42,5,5,17,0.088527221
42,5,5,18,0.085871858
42,5,5,19,0.058673833
42,5,5,20,0.043283471
42,5,5,21,0.033330934
42,5,5,22,0.023023337
42,5,5,23,0.014547683
42,5,5,24,0.009427966
43,1,2,1,0.0214739
43,1,2,2,0.0144428
43,1,2,3,0.0109684
43,1,2,4,0.00749451
43,1,2,5,0.00683855
43,1,2,6,0.0103588
43,1,2,7,0.0184304
43,1,2,8,0.0268117
43,1,2,9,0.0363852
43,1,2,10,0.0475407
43,1,2,11,0.0574664
43,1,2,12,0.0650786
43,1,2,13,0.0713228
43,1,2,14,0.0714917
43,1,2,15,0.0717226
43,1,2,16,0.0720061
43,1,2,17,0.0711487
43,1,2,18,0.0678874
43,1,2,19,0.0617718
43,1,2,20,0.0516882
43,1,2,21,0.0428658
43,1,2,22,0.0380302
43,1,2,23,0.0322072
43,1,2,24,0.0245677
43,1,5,1,0.00986211
43,1,5,2,0.00627248
43,1,5,3,0.00505767
43,1,5,4,0.00466686
43,1,5,5,0.00699469
43,1,5,6,0.018494
43,1,5,7,0.0459565
43,1,5,8,0.0696444
43,1,5,9,0.0608279
43,1,5,10,0.0502862
43,1,5,11,0.0499351
43,1,5,12,0.0543654
43,1,5,13,0.0576462
43,1,5,14,0.0580319
43,1,5,15,0.0622554
43,1,5,16,0.0710049
43,1,5,17,0.0769725
43,1,5,18,0.077432
43,1,5,19,0.059783
43,1,5,20,0.0443923
43,1,5,21,0.0354458
43,1,5,22,0.031824
43,1,5,23,0.0249419
43,1,5,24,0.0179068
43,2,2,1,0.008648367
43,2,2,2,0.006772514
43,2,2,3,0.006183827
43,2,2,4,0.007146811
43,2,2,5,0.010666014
43,2,2,6,0.02091006
43,2,2,7,0.03693816
43,2,2,8,0.052023525
43,2,2,9,0.055048415
43,2,2,10,0.059418206
43,2,2,11,0.063717597
43,2,2,12,0.065495868
43,2,2,13,0.065485483
43,2,2,14,0.067500402
43,2,2,15,0.070596844
43,2,2,16,0.07794282
43,2,2,17,0.079749232
43,2,2,18,0.070706054
43,2,2,19,0.051578049
43,2,2,20,0.039118848
43,2,2,21,0.03051152
43,2,2,22,0.023452252
43,2,2,23,0.017418088
43,2,2,24,0.012971043
43,2,5,1,0.008648367
43,2,5,2,0.006772514
43,2,5,3,0.006183827
43,2,5,4,0.007146811
43,2,5,5,0.010666014
43,2,5,6,0.02091006
43,2,5,7,0.03693816
43,2,5,8,0.052023525
43,2,5,9,0.055048415
43,2,5,10,0.059418206
43,2,5,11,0.063717597
43,2,5,12,0.065495868
43,2,5,13,0.065485483
43,2,5,14,0.067500402
43,2,5,15,0.070596844
43,2,5,16,0.07794282
43,2,5,17,0.079749232
43,2,5,18,0.070706054
43,2,5,19,0.051578049
43,2,5,20,0.039118848
43,2,5,21,0.03051152
43,2,5,22,0.023452252
43,2,5,23,0.017418088
43,2,5,24,0.012971043
43,3,2,1,0.004258154
43,3,2,2,0.002592815
43,3,2,3,0.00247255
43,3,2,4,0.003315947
43,3,2,5,0.007523236
43,3,2,6,0.022507306
43,3,2,7,0.04888405
43,3,2,8,0.074144694
43,3,2,9,0.061987942
43,3,2,10,0.054831266
43,3,2,11,0.055095807
43,3,2,12,0.057355032
43,3,2,13,0.059100605
43,3,2,14,0.060140618
43,3,2,15,0.067372152
43,3,2,16,0.081503275
43,3,2,17,0.090177901
43,3,2,18,0.083584399
43,3,2,19,0.054948992
43,3,2,20,0.037696041
43,3,2,21,0.028866859
43,3,2,22,0.02029745
43,3,2,23,0.012970083
43,3,2,24,0.008372824
43,3,5,1,0.004258154
43,3,5,2,0.002592815
43,3,5,3,0.00247255
43,3,5,4,0.003315947
43,3,5,5,0.007523236
43,3,5,6,0.022507306
43,3,5,7,0.04888405
43,3,5,8,0.074144694
43,3,5,9,0.061987942
43,3,5,10,0.054831266
43,3,5,11,0.055095807
43,3,5,12,0.057355032
43,3,5,13,0.059100605
43,3,5,14,0.060140618
43,3,5,15,0.067372152
43,3,5,16,0.081503275
43,3,5,17,0.090177901
43,3,5,18,0.083584399
43,3,5,19,0.054948992
43,3,5,20,0.037696041
43,3,5,21,0.028866859
43,3,5,22,0.02029745
43,3,5,23,0.012970083
43,3,5,24,0.008372824
43,4,2,1,0.007041217
43,4,2,2,0.004273477
43,4,2,3,0.003997738
43,4,2,4,0.004723021
43,4,2,5,0.008359368
43,4,2,6,0.020769884
43,4,2,7,0.046885487000000003
43,4,2,8,0.077109024
43,4,2,9,0.068867918
43,4,2,10,0.054093639
43,4,2,11,0.051914333
43,4,2,12,0.053745096
43,4,2,13,0.056923302
43,4,2,14,0.057256158
43,4,2,15,0.063197495
43,4,2,16,0.077031803
43,4,2,17,0.089923109
43,4,2,18,0.08343223
43,4,2,19,0.052201203
43,4,2,20,0.037635679
43,4,2,21,0.030213379
43,4,2,22,0.023127439
43,4,2,23,0.015909856
43,4,2,24,0.011368146
43,4,5,1,0.007041217
43,4,5,2,0.004273477
43,4,5,3,0.003997738
43,4,5,4,0.004723021
43,4,5,5,0.008359368
43,4,5,6,0.020769884
43,4,5,7,0.046885487000000003
43,4,5,8,0.077109024
43,4,5,9,0.068867918
43,4,5,10,0.054093639
43,4,5,11,0.051914333
43,4,5,12,0.053745096
43,4,5,13,0.056923302
43,4,5,14,0.057256158
43,4,5,15,0.063197495
43,4,5,16,0.077031803
43,4,5,17,0.089923109
43,4,5,18,0.08343223
43,4,5,19,0.052201203
43,4,5,20,0.037635679
43,4,5,21,0.030213379
43,4,5,22,0.023127439
43,4,5,23,0.015909856
43,4,5,24,0.011368146
43,5,2,1,0.005264533
43,5,2,2,0.00309811
43,5,2,3,0.002643701
43,5,2,4,0.002888731
43,5,2,5,0.005445719
43,5,2,6,0.01435061
43,5,2,7,0.035193519
43,5,2,8,0.067896097
43,5,2,9,0.064600303
43,5,2,10,0.05489145
43,5,2,11,0.053860493
43,5,2,12,0.05907418
43,5,2,13,0.064218193
43,5,2,14,0.061960362
43,5,2,15,0.068330892
43,5,2,16,0.079596806
43,5,2,17,0.088527221
43,5,2,18,0.085871858
43,5,2,19,0.058673833
43,5,2,20,0.043283471
43,5,2,21,0.033330934
43,5,2,22,0.023023337
43,5,2,23,0.014547683
43,5,2,24,0.009427966
43,5,5,1,0.005264533
43,5,5,2,0.00309811
43,5,5,3,0.002643701
43,5,5,4,0.002888731
43,5,5,5,0.005445719
43,5,5,6,0.01435061
43,5,5,7,0.035193519
43,5,5,8,0.067896097
43,5,5,9,0.064600303
43,5,5,10,0.05489145
43,5,5,11,0.053860493
43,5,5,12,0.05907418
43,5,5,13,0.064218193
43,5,5,14,0.061960362
43,5,5,15,0.068330892
43,5,5,16,0.079596806
43,5,5,17,0.088527221
43,5,5,18,0.085871858
43,5,5,19,0.058673833
43,5,5,20,0.043283471
43,5,5,21,0.033330934
43,5,5,22,0.023023337
43,5,5,23,0.014547683
43,5,5,24,0.009427966
51,1,2,1,0.0214739
51,1,2,2,0.0144428
51,1,2,3,0.0109684
51,1,2,4,0.00749451
51,1,2,5,0.00683855
51,1,2,6,0.0103588
51,1,2,7,0.0184304
51,1,2,8,0.0268117
51,1,2,9,0.0363852
51,1,2,10,0.0475407
51,1,2,11,0.0574664
51,1,2,12,0.0650786
51,1,2,13,0.0713228
51,1,2,14,0.0714917
51,1,2,15,0.0717226
51,1,2,16,0.0720061
51,1,2,17,0.0711487
51,1,2,18,0.0678874
51,1,2,19,0.0617718
51,1,2,20,0.0516882
51,1,2,21,0.0428658
51,1,2,22,0.0380302
51,1,2,23,0.0322072
51,1,2,24,0.0245677
51,1,5,1,0.00986211
51,1,5,2,0.00627248
51,1,5,3,0.00505767
51,1,5,4,0.00466686
51,1,5,5,0.00699469
51,1,5,6,0.018494
51,1,5,7,0.0459565
51,1,5,8,0.0696444
51,1,5,9,0.0608279
51,1,5,10,0.0502862
51,1,5,11,0.0499351
51,1,5,12,0.0543654
51,1,5,13,0.0576462
51,1,5,14,0.0580319
51,1,5,15,0.0622554
51,1,5,16,0.0710049
51,1,5,17,0.0769725
51,1,5,18,0.077432
51,1,5,19,0.059783
51,1,5,20,0.0443923
51,1,5,21,0.0354458
51,1,5,22,0.031824
51,1,5,23,0.0249419
51,1,5,24,0.0179068
51,2,2,1,0.008648367
51,2,2,2,0.006772514
51,2,2,3,0.006183827
51,2,2,4,0.007146811
51,2,2,5,0.010666014
51,2,2,6,0.02091006
51,2,2,7,0.03693816
51,2,2,8,0.052023525
51,2,2,9,0.055048415
51,2,2,10,0.059418206
51,2,2,11,0.063717597
51,2,2,12,0.065495868
51,2,2,13,0.065485483
51,2,2,14,0.067500402
51,2,2,15,0.070596844
51,2,2,16,0.07794282
51,2,2,17,0.079749232
51,2,2,18,0.070706054
51,2,2,19,0.051578049
51,2,2,20,0.039118848
51,2,2,21,0.03051152
51,2,2,22,0.023452252
51,2,2,23,0.017418088
51,2,2,24,0.012971043
51,2,5,1,0.008648367
51,2,5,2,0.006772514
51,2,5,3,0.006183827
51,2,5,4,0.007146811
51,2,5,5,0.010666014
51,2,5,6,0.02091006
51,2,5,7,0.03693816
51,2,5,8,0.052023525
51,2,5,9,0.055048415
51,2,5,10,0.059418206
51,2,5,11,0.063717597
51,2,5,12,0.065495868
51,2,5,13,0.065485483
51,2,5,14,0.067500402
51,2,5,15,0.070596844
51,2,5,16,0.07794282
51,2,5,17,0.079749232
51,2,5,18,0.070706054
51,2,5,19,0.051578049
51,2,5,20,0.039118848
51,2,5,21,0.03051152
51,2,5,22,0.023452252
51,2,5,23,0.017418088
51,2,5,24,0.012971043
51,3,2,1,0.004258154
51,3,2,2,0.002592815
51,3,2,3,0.00247255
51,3,2,4,0.003315947
51,3,2,5,0.007523236
51,3,2,6,0.022507306
51,3,2,7,0.04888405
51,3,2,8,0.074144694
51,3,2,9,0.061987942
51,3,2,10,0.054831266
51,3,2,11,0.055095807
51,3,2,12,0.057355032
51,3,2,13,0.059100605
51,3,2,14,0.060140618
51,3,2,15,0.067372152
51,3,2,16,0.081503275
51,3,2,17,0.090177901
51,3,2,18,0.083584399
51,3,2,19,0.054948992
51,3,2,20,0.037696041
51,3,2,21,0.028866859
51,3,2,22,0.02029745
51,3,2,23,0.012970083
51,3,2,24,0.008372824
51,3,5,1,0.004258154
51,3,5,2,0.002592815
51,3,5,3,0.00247255
51,3,5,4,0.003315947
51,3,5,5,0.007523236
51,3,5,6,0.022507306
51,3,5,7,0.04888405
51,3,5,8,0.074144694
51,3,5,9,0.061987942
51,3,5,10,0.054831266
51,3,5,11,0.055095807
51,3,5,12,0.057355032
51,3,5,13,0.059100605
51,3,5,14,0.060140618
51,3,5,15,0.067372152
51,3,5,16,0.081503275
51,3,5,17,0.090177901
51,3,5,18,0.083584399
51,3,5,19,0.054948992
51,3,5,20,0.037696041
51,3,5,21,0.028866859
51,3,5,22,0.02029745
51,3,5,23,0.012970083
51,3,5,24,0.008372824
51,4,2,1,0.007041217
51,4,2,2,0.004273477
51,4,2,3,0.003997738
51,4,2,4,0.004723021
51,4,2,5,0.008359368
51,4,2,6,0.020769884
51,4,2,7,0.046885487000000003
51,4,2,8,0.077109024
51,4,2,9,0.068867918
51,4,2,10,0.054093639
51,4,2,11,0.051914333
51,4,2,12,0.053745096
51,4,2,13,0.056923302
51,4,2,14,0.057256158
51,4,2,15,0.063197495
51,4,2,16,0.077031803
51,4,2,17,0.089923109
51,4,2,18,0.08343223
51,4,2,19,0.052201203
51,4,2,20,0.037635679
51,4,2,21,0.030213379
51,4,2,22,0.023127439
51,4,2,23,0.015909856
51,4,2,24,0.011368146
51,4,5,1,0.007041217
51,4,5,2,0.004273477
51,4,5,3,0.003997738
51,4,5,4,0.004723021
51,4,5,5,0.008359368
51,4,5,6,0.020769884
51,4,5,7,0.046885487000000003
51,4,5,8,0.077109024
51,4,5,9,0.068867918
51,4,5,10,0.054093639
51,4,5,11,0.051914333
51,4,5,12,0.053745096
51,4,5,13,0.056923302
51,4,5,14,0.057256158
51,4,5,15,0.063197495
51,4,5,16,0.077031803
51,4,5,17,0.089923109
51,4,5,18,0.08343223
51,4,5,19,0.052201203
51,4,5,20,0.037635679
51,4,5,21,0.030213379
51,4,5,22,0.023127439
51,4,5,23,0.015909856
51,4,5,24,0.011368146
51,5,2,1,0.005264533
51,5,2,2,0.00309811
51,5,2,3,0.002643701
51,5,2,4,0.002888731
51,5,2,5,0.005445719
51,5,2,6,0.01435061
51,5,2,7,0.035193519
51,5,2,8,0.067896097
51,5,2,9,0.064600303
51,5,2,10,0.05489145
51,5,2,11,0.053860493
51,5,2,12,0.05907418
51,5,2,13,0.064218193
51,5,2,14,0.061960362
51,5,2,15,0.068330892
51,5,2,16,0.079596806
51,5,2,17,0.088527221
51,5,2,18,0.085871858
51,5,2,19,0.058673833
51,5,2,20,0.043283471
51,5,2,21,0.033330934
51,5,2,22,0.023023337
51,5,2,23,0.014547683
51,5,2,24,0.009427966
51,5,5,1,0.005264533
51,5,5,2,0.00309811
51,5,5,3,0.002643701
51,5,5,4,0.002888731
51,5,5,5,0.005445719
51,5,5,6,0.01435061
51,5,5,7,0.035193519
51,5,5,8,0.067896097
51,5,5,9,0.064600303
51,5,5,10,0.05489145
51,5,5,11,0.053860493
51,5,5,12,0.05907418
51,5,5,13,0.064218193
51,5,5,14,0.061960362
51,5,5,15,0.068330892
51,5,5,16,0.079596806
51,5,5,17,0.088527221
51,5,5,18,0.085871858
51,5,5,19,0.058673833
51,5,5,20,0.043283471
51,5,5,21,0.033330934
51,5,5,22,0.023023337
51,5,5,23,0.014547683
51,5,5,24,0.009427966
52,1,2,1,0.0214739
52,1,2,2,0.0144428
52,1,2,3,0.0109684
52,1,2,4,0.00749451
52,1,2,5,0.00683855
52,1,2,6,0.0103588
52,1,2,7,0.0184304
52,1,2,8,0.0268117
52,1,2,9,0.0363852
52,1,2,10,0.0475407
52,1,2,11,0.0574664
52,1,2,12,0.0650786
52,1,2,13,0.0713228
52,1,2,14,0.0714917
52,1,2,15,0.0717226
52,1,2,16,0.0720061
52,1,2,17,0.0711487
52,1,2,18,0.0678874
52,1,2,19,0.0617718
52,1,2,20,0.0516882
52,1,2,21,0.0428658
52,1,2,22,0.0380302
52,1,2,23,0.0322072
52,1,2,24,0.0245677
52,1,5,1,0.00986211
52,1,5,2,0.00627248
52,1,5,3,0.00505767
52,1,5,4,0.00466686
52,1,5,5,0.00699469
52,1,5,6,0.018494
52,1,5,7,0.0459565
52,1,5,8,0.0696444
52,1,5,9,0.0608279
52,1,5,10,0.0502862
52,1,5,11,0.0499351
52,1,5,12,0.0543654
52,1,5,13,0.0576462
52,1,5,14,0.0580319
52,1,5,15,0.0622554
52,1,5,16,0.0710049
52,1,5,17,0.0769725
52,1,5,18,0.077432
52,1,5,19,0.059783
52,1,5,20,0.0443923
52,1,5,21,0.0354458
52,1,5,22,0.031824
52,1,5,23,0.0249419
52,1,5,24,0.0179068
52,2,2,1,0.008648367
52,2,2,2,0.006772514
52,2,2,3,0.006183827
52,2,2,4,0.007146811
52,2,2,5,0.010666014
52,2,2,6,0.02091006
52,2,2,7,0.03693816
52,2,2,8,0.052023525
52,2,2,9,0.055048415
52,2,2,10,0.059418206
52,2,2,11,0.063717597
52,2,2,12,0.065495868
52,2,2,13,0.065485483
52,2,2,14,0.067500402
52,2,2,15,0.070596844
52,2,2,16,0.07794282
52,2,2,17,0.079749232
52,2,2,18,0.070706054
52,2,2,19,0.051578049
52,2,2,20,0.039118848
52,2,2,21,0.03051152
52,2,2,22,0.023452252
52,2,2,23,0.017418088
52,2,2,24,0.012971043
52,2,5,1,0.008648367
52,2,5,2,0.006772514
52,2,5,3,0.006183827
52,2,5,4,0.007146811
52,2,5,5,0.010666014
52,2,5,6,0.02091006
52,2,5,7,0.03693816
52,2,5,8,0.052023525
52,2,5,9,0.055048415
52,2,5,10,0.059418206
52,2,5,11,0.063717597
52,2,5,12,0.065495868
52,2,5,13,0.065485483
52,2,5,14,0.067500402
52,2,5,15,0.070596844
52,2,5,16,0.07794282
52,2,5,17,0.079749232
52,2,5,18,0.070706054
52,2,5,19,0.051578049
52,2,5,20,0.039118848
52,2,5,21,0.03051152
52,2,5,22,0.023452252
52,2,5,23,0.017418088
52,2,5,24,0.012971043
52,3,2,1,0.004258154
52,3,2,2,0.002592815
52,3,2,3,0.00247255
52,3,2,4,0.003315947
52,3,2,5,0.007523236
52,3,2,6,0.022507306
52,3,2,7,0.04888405
52,3,2,8,0.074144694
52,3,2,9,0.061987942
52,3,2,10,0.054831266
52,3,2,11,0.055095807
52,3,2,12,0.057355032
52,3,2,13,0.059100605
52,3,2,14,0.060140618
52,3,2,15,0.067372152
52,3,2,16,0.081503275
52,3,2,17,0.090177901
52,3,2,18,0.083584399
52,3,2,19,0.054948992
52,3,2,20,0.037696041
52,3,2,21,0.028866859
52,3,2,22,0.02029745
52,3,2,23,0.012970083
52,3,2,24,0.008372824
52,3,5,1,0.004258154
52,3,5,2,0.002592815
52,3,5,3,0.00247255
52,3,5,4,0.003315947
52,3,5,5,0.007523236
52,3,5,6,0.022507306
52,3,5,7,0.04888405
52,3,5,8,0.074144694
52,3,5,9,0.061987942
52,3,5,10,0.054831266
52,3,5,11,0.055095807
52,3,5,12,0.057355032
52,3,5,13,0.059100605
52,3,5,14,0.060140618
52,3,5,15,0.067372152
52,3,5,16,0.081503275
52,3,5,17,0.090177901
52,3,5,18,0.083584399
52,3,5,19,0.054948992
52,3,5,20,0.037696041
52,3,5,21,0.028866859
52,3,5,22,0.02029745
52,3,5,23,0.012970083
52,3,5,24,0.008372824
52,4,2,1,0.007041217
52,4,2,2,0.004273477
52,4,2,3,0.003997738
52,4,2,4,0.004723021
52,4,2,5,0.008359368
52,4,2,6,0.020769884
52,4,2,7,0.046885487000000003
52,4,2,8,0.077109024
52,4,2,9,0.068867918
52,4,2,10,0.054093639
52,4,2,11,0.051914333
52,4,2,12,0.053745096
52,4,2,13,0.056923302
52,4,2,14,0.057256158
52,4,2,15,0.063197495
52,4,2,16,0.077031803
52,4,2,17,0.089923109
52,4,2,18,0.08343223
52,4,2,19,0.052201203
52,4,2,20,0.037635679
52,4,2,21,0.030213379
52,4,2,22,0.023127439
52,4,2,23,0.015909856
52,4,2,24,0.011368146
52,4,5,1,0.007041217
52,4,5,2,0.004273477
52,4,5,3,0.003997738
52,4,5,4,0.004723021
52,4,5,5,0.008359368
52,4,5,6,0.020769884
52,4,5,7,0.046885487000000003
52,4,5,8,0.077109024
52,4,5,9,0.068867918
52,4,5,10,0.054093639
52,4,5,11,0.051914333
52,4,5,12,0.053745096
52,4,5,13,0.056923302
52,4,5,14,0.057256158
52,4,5,15,0.063197495
52,4,5,16,0.077031803
52,4,5,17,0.089923109
52,4,5,18,0.08343223
52,4,5,19,0.052201203
52,4,5,20,0.037635679
52,4,5,21,0.030213379
52,4,5,22,0.023127439
52,4,5,23,0.015909856
52,4,5,24,0.011368146
52,5,2,1,0.005264533
52,5,2,2,0.00309811
52,5,2,3,0.002643701
52,5,2,4,0.002888731
52,5,2,5,0.005445719
52,5,2,6,0.01435061
52,5,2,7,0.035193519
52,5,2,8,0.067896097
52,5,2,9,0.064600303
52,5,2,10,0.05489145
52,5,2,11,0.053860493
52,5,2,12,0.05907418
52,5,2,13,0.064218193
52,5,2,14,0.061960362
52,5,2,15,0.068330892
52,5,2,16,0.079596806
52,5,2,17,0.088527221
52,5,2,18,0.085871858
52,5,2,19,0.058673833
52,5,2,20,0.043283471
52,5,2,21,0.033330934
52,5,2,22,0.023023337
52,5,2,23,0.014547683
52,5,2,24,0.009427966
52,5,5,1,0.005264533
52,5,5,2,0.00309811
52,5,5,3,0.002643701
52,5,5,4,0.002888731
52,5,5,5,0.005445719
52,5,5,6,0.01435061
52,5,5,7,0.035193519
52,5,5,8,0.067896097
52,5,5,9,0.064600303
52,5,5,10,0.05489145
52,5,5,11,0.053860493
52,5,5,12,0.05907418
52,5,5,13,0.064218193
52,5,5,14,0.061960362
52,5,5,15,0.068330892
52,5,5,16,0.079596806
52,5,5,17,0.088527221
52,5,5,18,0.085871858
52,5,5,19,0.058673833
52,5,5,20,0.043283471
52,5,5,21,0.033330934
52,5,5,22,0.023023337
52,5,5,23,0.014547683
52,5,5,24,0.009427966
53,1,2,1,0.0214739
53,1,2,2,0.0144428
53,1,2,3,0.0109684
53,1,2,4,0.00749451
53,1,2,5,0.00683855
53,1,2,6,0.0103588
53,1,2,7,0.0184304
53,1,2,8,0.0268117
53,1,2,9,0.0363852
53,1,2,10,0.0475407
53,1,2,11,0.0574664
53,1,2,12,0.0650786
53,1,2,13,0.0713228
53,1,2,14,0.0714917
53,1,2,15,0.0717226
53,1,2,16,0.0720061
53,1,2,17,0.0711487
53,1,2,18,0.0678874
53,1,2,19,0.0617718
53,1,2,20,0.0516882
53,1,2,21,0.0428658
53,1,2,22,0.0380302
53,1,2,23,0.0322072
53,1,2,24,0.0245677
53,1,5,1,0.00986211
53,1,5,2,0.00627248
53,1,5,3,0.00505767
53,1,5,4,0.00466686
53,1,5,5,0.00699469
53,1,5,6,0.018494
53,1,5,7,0.0459565
53,1,5,8,0.0696444
53,1,5,9,0.0608279
53,1,5,10,0.0502862
53,1,5,11,0.0499351
53,1,5,12,0.0543654
53,1,5,13,0.0576462
53,1,5,14,0.0580319
53,1,5,15,0.0622554
53,1,5,16,0.0710049
53,1,5,17,0.0769725
53,1,5,18,0.077432
53,1,5,19,0.059783
53,1,5,20,0.0443923
53,1,5,21,0.0354458
53,1,5,22,0.031824
53,1,5,23,0.0249419
53,1,5,24,0.0179068
53,2,2,1,0.008648367
53,2,2,2,0.006772514
53,2,2,3,0.006183827
53,2,2,4,0.007146811
53,2,2,5,0.010666014
53,2,2,6,0.02091006
53,2,2,7,0.03693816
53,2,2,8,0.052023525
53,2,2,9,0.055048415
53,2,2,10,0.059418206
53,2,2,11,0.063717597
53,2,2,12,0.065495868
53,2,2,13,0.065485483
53,2,2,14,0.067500402
53,2,2,15,0.070596844
53,2,2,16,0.07794282
53,2,2,17,0.079749232
53,2,2,18,0.070706054
53,2,2,19,0.051578049
53,2,2,20,0.039118848
53,2,2,21,0.03051152
53,2,2,22,0.023452252
53,2,2,23,0.017418088
53,2,2,24,0.012971043
53,2,5,1,0.008648367
53,2,5,2,0.006772514
53,2,5,3,0.006183827
53,2,5,4,0.007146811
53,2,5,5,0.010666014
53,2,5,6,0.02091006
53,2,5,7,0.03693816
53,2,5,8,0.052023525
53,2,5,9,0.055048415
53,2,5,10,0.059418206
53,2,5,11,0.063717597
53,2,5,12,0.065495868
53,2,5,13,0.065485483
53,2,5,14,0.067500402
53,2,5,15,0.070596844
53,2,5,16,0.07794282
53,2,5,17,0.079749232
53,2,5,18,0.070706054
53,2,5,19,0.051578049
53,2,5,20,0.039118848
53,2,5,21,0.03051152
53,2,5,22,0.023452252
53,2,5,23,0.017418088
53,2,5,24,0.012971043
53,3,2,1,0.004258154
53,3,2,2,0.002592815
53,3,2,3,0.00247255
53,3,2,4,0.003315947
53,3,2,5,0.007523236
53,3,2,6,0.022507306
53,3,2,7,0.04888405
53,3,2,8,0.074144694
53,3,2,9,0.061987942
53,3,2,10,0.054831266
53,3,2,11,0.055095807
53,3,2,12,0.057355032
53,3,2,13,0.059100605
53,3,2,14,0.060140618
53,3,2,15,0.067372152
53,3,2,16,0.081503275
53,3,2,17,0.090177901
53,3,2,18,0.083584399
53,3,2,19,0.054948992
53,3,2,20,0.037696041
53,3,2,21,0.028866859
53,3,2,22,0.02029745
53,3,2,23,0.012970083
53,3,2,24,0.008372824
53,3,5,1,0.004258154
53,3,5,2,0.002592815
53,3,5,3,0.00247255
53,3,5,4,0.003315947
53,3,5,5,0.007523236
53,3,5,6,0.022507306
53,3,5,7,0.04888405
53,3,5,8,0.074144694
53,3,5,9,0.061987942
53,3,5,10,0.054831266
53,3,5,11,0.055095807
53,3,5,12,0.057355032
53,3,5,13,0.059100605
53,3,5,14,0.060140618
53,3,5,15,0.067372152
53,3,5,16,0.081503275
53,3,5,17,0.090177901
53,3,5,18,0.083584399
53,3,5,19,0.054948992
53,3,5,20,0.037696041
53,3,5,21,0.028866859
53,3,5,22,0.02029745
53,3,5,23,0.012970083
53,3,5,24,0.008372824
53,4,2,1,0.007041217
53,4,2,2,0.004273477
53,4,2,3,0.003997738
53,4,2,4,0.004723021
53,4,2,5,0.008359368
53,4,2,6,0.020769884
53,4,2,7,0.046885487000000003
53,4,2,8,0.077109024
53,4,2,9,0.068867918
53,4,2,10,0.054093639
53,4,2,11,0.051914333
53,4,2,12,0.053745096
53,4,2,13,0.056923302
53,4,2,14,0.057256158
53,4,2,15,0.063197495
53,4,2,16,0.077031803
53,4,2,17,0.089923109
53,4,2,18,0.08343223
53,4,2,19,0.052201203
53,4,2,20,0.037635679
53,4,2,21,0.030213379
53,4,2,22,0.023127439
53,4,2,23,0.015909856
53,4,2,24,0.011368146
53,4,5,1,0.007041217
53,4,5,2,0.004273477
53,4,5,3,0.003997738
53,4,5,4,0.004723021
53,4,5,5,0.008359368
53,4,5,6,0.020769884
53,4,5,7,0.046885487000000003
53,4,5,8,0.077109024
53,4,5,9,0.068867918
53,4,5,10,0.054093639
53,4,5,11,0.051914333
53,4,5,12,0.053745096
53,4,5,13,0.056923302
53,4,5,14,0.057256158
53,4,5,15,0.063197495
53,4,5,16,0.077031803
53,4,5,17,0.089923109
53,4,5,18,0.08343223
53,4,5,19,0.052201203
53,4,5,20,0.037635679
53,4,5,21,0.030213379
53,4,5,22,0.023127439
53,4,5,23,0.015909856
53,4,5,24,0.011368146
53,5,2,1,0.005264533
53,5,2,2,0.00309811
53,5,2,3,0.002643701
53,5,2,4,0.002888731
53,5,2,5,0.005445719
53,5,2,6,0.01435061
53,5,2,7,0.035193519
53,5,2,8,0.067896097
53,5,2,9,0.064600303
53,5,2,10,0.05489145
53,5,2,11,0.053860493
53,5,2,12,0.05907418
53,5,2,13,0.064218193
53,5,2,14,0.061960362
53,5,2,15,0.068330892
53,5,2,16,0.079596806
53,5,2,17,0.088527221
53,5,2,18,0.085871858
53,5,2,19,0.058673833
53,5,2,20,0.043283471
53,5,2,21,0.033330934
53,5,2,22,0.023023337
53,5,2,23,0.014547683
53,5,2,24,0.009427966
53,5,5,1,0.005264533
53,5,5,2,0.00309811
53,5,5,3,0.002643701
53,5,5,4,0.002888731
53,5,5,5,0.005445719
53,5,5,6,0.01435061
53,5,5,7,0.035193519
53,5,5,8,0.067896097
53,5,5,9,0.064600303
53,5,5,10,0.05489145
53,5,5,11,0.053860493
53,5,5,12,0.05907418
53,5,5,13,0.064218193
53,5,5,14,0.061960362
53,5,5,15,0.068330892
53,5,5,16,0.079596806
53,5,5,17,0.088527221
53,5,5,18,0.085871858
53,5,5,19,0.058673833
53,5,5,20,0.043283471
53,5,5,21,0.033330934
53,5,5,22,0.023023337
53,5,5,23,0.014547683
53,5,5,24,0.009427966
54,1,2,1,0.0214739
54,1,2,2,0.0144428
54,1,2,3,0.0109684
54,1,2,4,0.00749451
54,1,2,5,0.00683855
54,1,2,6,0.0103588
54,1,2,7,0.0184304
54,1,2,8,0.0268117
54,1,2,9,0.0363852
54,1,2,10,0.0475407
54,1,2,11,0.0574664
54,1,2,12,0.0650786
54,1,2,13,0.0713228
54,1,2,14,0.0714917
54,1,2,15,0.0717226
54,1,2,16,0.0720061
54,1,2,17,0.0711487
54,1,2,18,0.0678874
54,1,2,19,0.0617718
54,1,2,20,0.0516882
54,1,2,21,0.0428658
54,1,2,22,0.0380302
54,1,2,23,0.0322072
54,1,2,24,0.0245677
54,1,5,1,0.00986211
54,1,5,2,0.00627248
54,1,5,3,0.00505767
54,1,5,4,0.00466686
54,1,5,5,0.00699469
54,1,5,6,0.018494
54,1,5,7,0.0459565
54,1,5,8,0.0696444
54,1,5,9,0.0608279
54,1,5,10,0.0502862
54,1,5,11,0.0499351
54,1,5,12,0.0543654
54,1,5,13,0.0576462
54,1,5,14,0.0580319
54,1,5,15,0.0622554
54,1,5,16,0.0710049
54,1,5,17,0.0769725
54,1,5,18,0.077432
54,1,5,19,0.059783
54,1,5,20,0.0443923
54,1,5,21,0.0354458
54,1,5,22,0.031824
54,1,5,23,0.0249419
54,1,5,24,0.0179068
54,2,2,1,0.008648367
54,2,2,2,0.006772514
54,2,2,3,0.006183827
54,2,2,4,0.007146811
54,2,2,5,0.010666014
54,2,2,6,0.02091006
54,2,2,7,0.03693816
54,2,2,8,0.052023525
54,2,2,9,0.055048415
54,2,2,10,0.059418206
54,2,2,11,0.063717597
54,2,2,12,0.065495868
54,2,2,13,0.065485483
54,2,2,14,0.067500402
54,2,2,15,0.070596844
54,2,2,16,0.07794282
54,2,2,17,0.079749232
54,2,2,18,0.070706054
54,2,2,19,0.051578049
54,2,2,20,0.039118848
54,2,2,21,0.03051152
54,2,2,22,0.023452252
54,2,2,23,0.017418088
54,2,2,24,0.012971043
54,2,5,1,0.008648367
54,2,5,2,0.006772514
54,2,5,3,0.006183827
54,2,5,4,0.007146811
54,2,5,5,0.010666014
54,2,5,6,0.02091006
54,2,5,7,0.03693816
54,2,5,8,0.052023525
54,2,5,9,0.055048415
54,2,5,10,0.059418206
54,2,5,11,0.063717597
54,2,5,12,0.065495868
54,2,5,13,0.065485483
54,2,5,14,0.067500402
54,2,5,15,0.070596844
54,2,5,16,0.07794282
54,2,5,17,0.079749232
54,2,5,18,0.070706054
54,2,5,19,0.051578049
54,2,5,20,0.039118848
54,2,5,21,0.03051152
54,2,5,22,0.023452252
54,2,5,23,0.017418088
54,2,5,24,0.012971043
54,3,2,1,0.004258154
54,3,2,2,0.002592815
54,3,2,3,0.00247255
54,3,2,4,0.003315947
54,3,2,5,0.007523236
54,3,2,6,0.022507306
54,3,2,7,0.04888405
54,3,2,8,0.074144694
54,3,2,9,0.061987942
54,3,2,10,0.054831266
54,3,2,11,0.055095807
54,3,2,12,0.057355032
54,3,2,13,0.059100605
54,3,2,14,0.060140618
54,3,2,15,0.067372152
54,3,2,16,0.081503275
54,3,2,17,0.090177901
54,3,2,18,0.083584399
54,3,2,19,0.054948992
54,3,2,20,0.037696041
54,3,2,21,0.028866859
54,3,2,22,0.02029745
54,3,2,23,0.012970083
54,3,2,24,0.008372824
54,3,5,1,0.004258154
54,3,5,2,0.002592815
54,3,5,3,0.00247255
54,3,5,4,0.003315947
54,3,5,5,0.007523236
54,3,5,6,0.022507306
54,3,5,7,0.04888405
54,3,5,8,0.074144694
54,3,5,9,0.061987942
54,3,5,10,0.054831266
54,3,5,11,0.055095807
54,3,5,12,0.057355032
54,3,5,13,0.059100605
54,3,5,14,0.060140618
54,3,5,15,0.067372152
54,3,5,16,0.081503275
54,3,5,17,0.090177901
54,3,5,18,0.083584399
54,3,5,19,0.054948992
54,3,5,20,0.037696041
54,3,5,21,0.028866859
54,3,5,22,0.02029745
54,3,5,23,0.012970083
54,3,5,24,0.008372824
54,4,2,1,0.007041217
54,4,2,2,0.004273477
54,4,2,3,0.003997738
54,4,2,4,0.004723021
54,4,2,5,0.008359368
54,4,2,6,0.020769884
54,4,2,7,0.046885487000000003
54,4,2,8,0.077109024
54,4,2,9,0.068867918
54,4,2,10,0.054093639
54,4,2,11,0.051914333
54,4,2,12,0.053745096
54,4,2,13,0.056923302
54,4,2,14,0.057256158
54,4,2,15,0.063197495
54,4,2,16,0.077031803
54,4,2,17,0.089923109
54,4,2,18,0.08343223
54,4,2,19,0.052201203
54,4,2,20,0.037635679
54,4,2,21,0.030213379
54,4,2,22,0.023127439
54,4,2,23,0.015909856
54,4,2,24,0.011368146
54,4,5,1,0.007041217
54,4,5,2,0.004273477
54,4,5,3,0.003997738
54,4,5,4,0.004723021
54,4,5,5,0.008359368
54,4,5,6,0.020769884
54,4,5,7,0.046885487000000003
54,4,5,8,0.077109024
54,4,5,9,0.068867918
54,4,5,10,0.054093639
54,4,5,11,0.051914333
54,4,5,12,0.053745096
54,4,5,13,0.056923302
54,4,5,14,0.057256158
54,4,5,15,0.063197495
54,4,5,16,0.077031803
54,4,5,17,0.089923109
54,4,5,18,0.08343223
54,4,5,19,0.052201203
54,4,5,20,0.037635679
54,4,5,21,0.030213379
54,4,5,22,0.023127439
54,4,5,23,0.015909856
54,4,5,24,0.011368146
54,5,2,1,0.005264533
54,5,2,2,0.00309811
54,5,2,3,0.002643701
54,5,2,4,0.002888731
54,5,2,5,0.005445719
54,5,2,6,0.01435061
54,5,2,7,0.035193519
54,5,2,8,0.067896097
54,5,2,9,0.064600303
54,5,2,10,0.05489145
54,5,2,11,0.053860493
54,5,2,12,0.05907418
54,5,2,13,0.064218193
54,5,2,14,0.061960362
54,5,2,15,0.068330892
54,5,2,16,0.079596806
54,5,2,17,0.088527221
54,5,2,18,0.085871858
54,5,2,19,0.058673833
54,5,2,20,0.043283471
54,5,2,21,0.033330934
54,5,2,22,0.023023337
54,5,2,23,0.014547683
54,5,2,24,0.009427966
54,5,5,1,0.005264533
54,5,5,2,0.00309811
54,5,5,3,0.002643701
54,5,5,4,0.002888731
54,5,5,5,0.005445719
54,5,5,6,0.01435061
54,5,5,7,0.035193519
54,5,5,8,0.067896097
54,5,5,9,0.064600303
54,5,5,10,0.05489145
54,5,5,11,0.053860493
54,5,5,12,0.05907418
54,5,5,13,0.064218193
54,5,5,14,0.061960362
54,5,5,15,0.068330892
54,5,5,16,0.079596806
54,5,5,17,0.088527221
54,5,5,18,0.085871858
54,5,5,19,0.058673833
54,5,5,20,0.043283471
54,5,5,21,0.033330934
54,5,5,22,0.023023337
54,5,5,23,0.014547683
54,5,5,24,0.009427966
61,1,2,1,0.0214739
61,1,2,2,0.0144428
61,1,2,3,0.0109684
61,1,2,4,0.00749451
61,1,2,5,0.00683855
61,1,2,6,0.0103588
61,1,2,7,0.0184304
61,1,2,8,0.0268117
61,1,2,9,0.0363852
61,1,2,10,0.0475407
61,1,2,11,0.0574664
61,1,2,12,0.0650786
61,1,2,13,0.0713228
61,1,2,14,0.0714917
61,1,2,15,0.0717226
61,1,2,16,0.0720061
61,1,2,17,0.0711487
61,1,2,18,0.0678874
61,1,2,19,0.0617718
61,1,2,20,0.0516882
61,1,2,21,0.0428658
61,1,2,22,0.0380302
61,1,2,23,0.0322072
61,1,2,24,0.0245677
61,1,5,1,0.00986211
61,1,5,2,0.00627248
61,1,5,3,0.00505767
61,1,5,4,0.00466686
61,1,5,5,0.00699469
61,1,5,6,0.018494
61,1,5,7,0.0459565
61,1,5,8,0.0696444
61,1,5,9,0.0608279
61,1,5,10,0.0502862
61,1,5,11,0.0499351
61,1,5,12,0.0543654
61,1,5,13,0.0576462
61,1,5,14,0.0580319
61,1,5,15,0.0622554
61,1,5,16,0.0710049
61,1,5,17,0.0769725
61,1,5,18,0.077432
61,1,5,19,0.059783
61,1,5,20,0.0443923
61,1,5,21,0.0354458
61,1,5,22,0.031824
61,1,5,23,0.0249419
61,1,5,24,0.0179068
61,2,2,1,0.008648367
61,2,2,2,0.006772514
61,2,2,3,0.006183827
61,2,2,4,0.007146811
61,2,2,5,0.010666014
61,2,2,6,0.02091006
61,2,2,7,0.03693816
61,2,2,8,0.052023525
61,2,2,9,0.055048415
61,2,2,10,0.059418206
61,2,2,11,0.063717597
61,2,2,12,0.065495868
61,2,2,13,0.065485483
61,2,2,14,0.067500402
61,2,2,15,0.070596844
61,2,2,16,0.07794282
61,2,2,17,0.079749232
61,2,2,18,0.070706054
61,2,2,19,0.051578049
61,2,2,20,0.039118848
61,2,2,21,0.03051152
61,2,2,22,0.023452252
61,2,2,23,0.017418088
61,2,2,24,0.012971043
61,2,5,1,0.008648367
61,2,5,2,0.006772514
61,2,5,3,0.006183827
61,2,5,4,0.007146811
61,2,5,5,0.010666014
61,2,5,6,0.02091006
61,2,5,7,0.03693816
61,2,5,8,0.052023525
61,2,5,9,0.055048415
61,2,5,10,0.059418206
61,2,5,11,0.063717597
61,2,5,12,0.065495868
61,2,5,13,0.065485483
61,2,5,14,0.067500402
61,2,5,15,0.070596844
61,2,5,16,0.07794282
61,2,5,17,0.079749232
61,2,5,18,0.070706054
61,2,5,19,0.051578049
61,2,5,20,0.039118848
61,2,5,21,0.03051152
61,2,5,22,0.023452252
61,2,5,23,0.017418088
61,2,5,24,0.012971043
61,3,2,1,0.004258154
61,3,2,2,0.002592815
61,3,2,3,0.00247255
61,3,2,4,0.003315947
61,3,2,5,0.007523236
61,3,2,6,0.022507306
61,3,2,7,0.04888405
61,3,2,8,0.074144694
61,3,2,9,0.061987942
61,3,2,10,0.054831266
61,3,2,11,0.055095807
61,3,2,12,0.057355032
61,3,2,13,0.059100605
61,3,2,14,0.060140618
61,3,2,15,0.067372152
61,3,2,16,0.081503275
61,3,2,17,0.090177901
61,3,2,18,0.083584399
61,3,2,19,0.054948992
61,3,2,20,0.037696041
61,3,2,21,0.028866859
61,3,2,22,0.02029745
61,3,2,23,0.012970083
61,3,2,24,0.008372824
61,3,5,1,0.004258154
61,3,5,2,0.002592815
61,3,5,3,0.00247255
61,3,5,4,0.003315947
61,3,5,5,0.007523236
61,3,5,6,0.022507306
61,3,5,7,0.04888405
61,3,5,8,0.074144694
61,3,5,9,0.061987942
61,3,5,10,0.054831266
61,3,5,11,0.055095807
61,3,5,12,0.057355032
61,3,5,13,0.059100605
61,3,5,14,0.060140618
61,3,5,15,0.067372152
61,3,5,16,0.081503275
61,3,5,17,0.090177901
61,3,5,18,0.083584399
61,3,5,19,0.054948992
61,3,5,20,0.037696041
61,3,5,21,0.028866859
61,3,5,22,0.02029745
61,3,5,23,0.012970083
61,3,5,24,0.008372824
61,4,2,1,0.007041217
61,4,2,2,0.004273477
61,4,2,3,0.003997738
61,4,2,4,0.004723021
61,4,2,5,0.008359368
61,4,2,6,0.020769884
61,4,2,7,0.046885487000000003
61,4,2,8,0.077109024
61,4,2,9,0.068867918
61,4,2,10,0.054093639
61,4,2,11,0.051914333
61,4,2,12,0.053745096
61,4,2,13,0.056923302
61,4,2,14,0.057256158
61,4,2,15,0.063197495
61,4,2,16,0.077031803
61,4,2,17,0.089923109
61,4,2,18,0.08343223
61,4,2,19,0.052201203
61,4,2,20,0.037635679
61,4,2,21,0.030213379
61,4,2,22,0.023127439
61,4,2,23,0.015909856
61,4,2,24,0.011368146
61,4,5,1,0.007041217
61,4,5,2,0.004273477
61,4,5,3,0.003997738
61,4,5,4,0.004723021
61,4,5,5,0.008359368
61,4,5,6,0.020769884
61,4,5,7,0.046885487000000003
61,4,5,8,0.077109024
61,4,5,9,0.068867918
61,4,5,10,0.054093639
61,4,5,11,0.051914333
61,4,5,12,0.053745096
61,4,5,13,0.056923302
61,4,5,14,0.057256158
61,4,5,15,0.063197495
61,4,5,16,0.077031803
61,4,5,17,0.089923109
61,4,5,18,0.08343223
61,4,5,19,0.052201203
61,4,5,20,0.037635679
61,4,5,21,0.030213379
61,4,5,22,0.023127439
61,4,5,23,0.015909856
61,4,5,24,0.011368146
61,5,2,1,0.005264533
61,5,2,2,0.00309811
61,5,2,3,0.002643701
61,5,2,4,0.002888731
61,5,2,5,0.005445719
61,5,2,6,0.01435061
61,5,2,7,0.035193519
61,5,2,8,0.067896097
61,5,2,9,0.064600303
61,5,2,10,0.05489145
61,5,2,11,0.053860493
61,5,2,12,0.05907418
61,5,2,13,0.064218193
61,5,2,14,0.061960362
61,5,2,15,0.068330892
61,5,2,16,0.079596806
61,5,2,17,0.088527221
61,5,2,18,0.085871858
61,5,2,19,0.058673833
61,5,2,20,0.043283471
61,5,2,21,0.033330934
61,5,2,22,0.023023337
61,5,2,23,0.014547683
61,5,2,24,0.009427966
61,5,5,1,0.005264533
61,5,5,2,0.00309811
61,5,5,3,0.002643701
61,5,5,4,0.002888731
61,5,5,5,0.005445719
61,5,5,6,0.01435061
61,5,5,7,0.035193519
61,5,5,8,0.067896097
61,5,5,9,0.064600303
61,5,5,10,0.05489145
61,5,5,11,0.053860493
61,5,5,12,0.05907418
61,5,5,13,0.064218193
61,5,5,14,0.061960362
61,5,5,15,0.068330892
61,5,5,16,0.079596806
61,5,5,17,0.088527221
61,5,5,18,0.085871858
61,5,5,19,0.058673833
61,5,5,20,0.043283471
61,5,5,21,0.033330934
61,5,5,22,0.023023337
61,5,5,23,0.014547683
61,5,5,24,0.009427966
62,1,2,1,0.0214739
62,1,2,2,0.0144428
62,1,2,3,0.0109684
62,1,2,4,0.00749451
62,1,2,5,0.00683855
62,1,2,6,0.0103588
62,1,2,7,0.0184304
62,1,2,8,0.0268117
62,1,2,9,0.0363852
62,1,2,10,0.0475407
62,1,2,11,0.0574664
62,1,2,12,0.0650786
62,1,2,13,0.0713228
62,1,2,14,0.0714917
62,1,2,15,0.0717226
62,1,2,16,0.0720061
62,1,2,17,0.0711487
62,1,2,18,0.0678874
62,1,2,19,0.0617718
62,1,2,20,0.0516882
62,1,2,21,0.0428658
62,1,2,22,0.0380302
62,1,2,23,0.0322072
62,1,2,24,0.0245677
62,1,5,1,0.00986211
62,1,5,2,0.00627248
62,1,5,3,0.00505767
62,1,5,4,0.00466686
62,1,5,5,0.00699469
62,1,5,6,0.018494
62,1,5,7,0.0459565
62,1,5,8,0.0696444
62,1,5,9,0.0608279
62,1,5,10,0.0502862
62,1,5,11,0.0499351
62,1,5,12,0.0543654
62,1,5,13,0.0576462
62,1,5,14,0.0580319
62,1,5,15,0.0622554
62,1,5,16,0.0710049
62,1,5,17,0.0769725
62,1,5,18,0.077432
62,1,5,19,0.059783
62,1,5,20,0.0443923
62,1,5,21,0.0354458
62,1,5,22,0.031824
62,1,5,23,0.0249419
62,1,5,24,0.0179068
62,2,2,1,0.008648367
62,2,2,2,0.006772514
62,2,2,3,0.006183827
62,2,2,4,0.007146811
62,2,2,5,0.010666014
62,2,2,6,0.02091006
62,2,2,7,0.03693816
62,2,2,8,0.052023525
62,2,2,9,0.055048415
62,2,2,10,0.059418206
62,2,2,11,0.063717597
62,2,2,12,0.065495868
62,2,2,13,0.065485483
62,2,2,14,0.067500402
62,2,2,15,0.070596844
62,2,2,16,0.07794282
62,2,2,17,0.079749232
62,2,2,18,0.070706054
62,2,2,19,0.051578049
62,2,2,20,0.039118848
62,2,2,21,0.03051152
62,2,2,22,0.023452252
62,2,2,23,0.017418088
62,2,2,24,0.012971043
62,2,5,1,0.008648367
62,2,5,2,0.006772514
62,2,5,3,0.006183827
62,2,5,4,0.007146811
62,2,5,5,0.010666014
62,2,5,6,0.02091006
62,2,5,7,0.03693816
62,2,5,8,0.052023525
62,2,5,9,0.055048415
62,2,5,10,0.059418206
62,2,5,11,0.063717597
62,2,5,12,0.065495868
62,2,5,13,0.065485483
62,2,5,14,0.067500402
62,2,5,15,0.070596844
62,2,5,16,0.07794282
62,2,5,17,0.079749232
62,2,5,18,0.070706054
62,2,5,19,0.051578049
62,2,5,20,0.039118848
62,2,5,21,0.03051152
62,2,5,22,0.023452252
62,2,5,23,0.017418088
62,2,5,24,0.012971043
62,3,2,1,0.004258154
62,3,2,2,0.002592815
62,3,2,3,0.00247255
62,3,2,4,0.003315947
62,3,2,5,0.007523236
62,3,2,6,0.022507306
62,3,2,7,0.04888405
62,3,2,8,0.074144694
62,3,2,9,0.061987942
62,3,2,10,0.054831266
62,3,2,11,0.055095807
62,3,2,12,0.057355032
62,3,2,13,0.059100605
62,3,2,14,0.060140618
62,3,2,15,0.067372152
62,3,2,16,0.081503275
62,3,2,17,0.090177901
62,3,2,18,0.083584399
62,3,2,19,0.054948992
62,3,2,20,0.037696041
62,3,2,21,0.028866859
62,3,2,22,0.02029745
62,3,2,23,0.012970083
62,3,2,24,0.008372824
62,3,5,1,0.004258154
62,3,5,2,0.002592815
62,3,5,3,0.00247255
62,3,5,4,0.003315947
62,3,5,5,0.007523236
62,3,5,6,0.022507306
62,3,5,7,0.04888405
62,3,5,8,0.074144694
62,3,5,9,0.061987942
62,3,5,10,0.054831266
62,3,5,11,0.055095807
62,3,5,12,0.057355032
62,3,5,13,0.059100605
62,3,5,14,0.060140618
62,3,5,15,0.067372152
62,3,5,16,0.081503275
62,3,5,17,0.090177901
62,3,5,18,0.083584399
62,3,5,19,0.054948992
62,3,5,20,0.037696041
62,3,5,21,0.028866859
62,3,5,22,0.02029745
62,3,5,23,0.012970083
62,3,5,24,0.008372824
62,4,2,1,0.007041217
62,4,2,2,0.004273477
62,4,2,3,0.003997738
62,4,2,4,0.004723021
62,4,2,5,0.008359368
62,4,2,6,0.020769884
62,4,2,7,0.046885487000000003
62,4,2,8,0.077109024
62,4,2,9,0.068867918
62,4,2,10,0.054093639
62,4,2,11,0.051914333
62,4,2,12,0.053745096
62,4,2,13,0.056923302
62,4,2,14,0.057256158
62,4,2,15,0.063197495
62,4,2,16,0.077031803
62,4,2,17,0.089923109
62,4,2,18,0.08343223
62,4,2,19,0.052201203
62,4,2,20,0.037635679
62,4,2,21,0.030213379
62,4,2,22,0.023127439
62,4,2,23,0.015909856
62,4,2,24,0.011368146
62,4,5,1,0.007041217
62,4,5,2,0.004273477
62,4,5,3,0.003997738
62,4,5,4,0.004723021
62,4,5,5,0.008359368
62,4,5,6,0.020769884
62,4,5,7,0.046885487000000003
62,4,5,8,0.077109024
62,4,5,9,0.068867918
62,4,5,10,0.054093639
62,4,5,11,0.051914333
62,4,5,12,0.053745096
62,4,5,13,0.056923302
62,4,5,14,0.057256158
62,4,5,15,0.063197495
62,4,5,16,0.077031803
62,4,5,17,0.089923109
62,4,5,18,0.08343223
62,4,5,19,0.052201203
62,4,5,20,0.037635679
62,4,5,21,0.030213379
62,4,5,22,0.023127439
62,4,5,23,0.015909856
62,4,5,24,0.011368146
62,5,2,1,0.005264533
62,5,2,2,0.00309811
62,5,2,3,0.002643701
62,5,2,4,0.002888731
62,5,2,5,0.005445719
62,5,2,6,0.01435061
62,5,2,7,0.035193519
62,5,2,8,0.067896097
62,5,2,9,0.064600303
62,5,2,10,0.05489145
62,5,2,11,0.053860493
62,5,2,12,0.05907418
62,5,2,13,0.064218193
62,5,2,14,0.061960362
62,5,2,15,0.068330892
62,5,2,16,0.079596806
62,5,2,17,0.088527221
62,5,2,18,0.085871858
62,5,2,19,0.058673833
62,5,2,20,0.043283471
62,5,2,21,0.033330934
62,5,2,22,0.023023337
62,5,2,23,0.014547683
62,5,2,24,0.009427966
62,5,5,1,0.005264533
62,5,5,2,0.00309811
62,5,5,3,0.002643701
62,5,5,4,0.002888731
62,5,5,5,0.005445719
62,5,5,6,0.01435061
62,5,5,7,0.035193519
62,5,5,8,0.067896097
62,5,5,9,0.064600303
62,5,5,10,0.05489145
62,5,5,11,0.053860493
62,5,5,12,0.05907418
62,5,5,13,0.064218193
62,5,5,14,0.061960362
62,5,5,15,0.068330892
62,5,5,16,0.079596806
62,5,5,17,0.088527221
62,5,5,18,0.085871858
62,5,5,19,0.058673833
62,5,5,20,0.043283471
62,5,5,21,0.033330934
62,5,5,22,0.023023337
62,5,5,23,0.014547683
62,5,5,24,0.009427966
